2434	open	2026-08-11T18:12:10Z	2026-08-16T21:39:48Z	State resolution when one (or more) `prev_events` is unknown, unresolvable, or external	https://api.github.com/repos/matrix-org/matrix-spec/issues/2434
2431	open	2026-08-05T12:22:32Z	2026-08-11T09:45:14Z	Add necessity to check MSCs for clear requirement levels to checklist	https://api.github.com/repos/matrix-org/matrix-spec/issues/2431
2425	closed	2026-07-24T06:02:50Z	2026-08-11T14:23:07Z	Our IANA .well-known reference has a broken link	https://api.github.com/repos/matrix-org/matrix-spec/issues/2425
2424	open	2026-07-21T22:34:27Z	2026-07-21T22:34:27Z	Spec requires support for exponential notation in JSON	https://api.github.com/repos/matrix-org/matrix-spec/issues/2424
2423	open	2026-07-20T17:32:15Z	2026-07-20T17:35:51Z	`X-Matrix` authentication header makes request buffering necessary, but it doesn't actually need to depend on the request content	https://api.github.com/repos/matrix-org/matrix-spec/issues/2423
2420	open	2026-07-15T16:14:12Z	2026-07-15T16:14:12Z	Store spec implementation guides in an appendix of the spec	https://api.github.com/repos/matrix-org/matrix-spec/issues/2420
2419	open	2026-07-15T14:16:10Z	2026-07-16T11:55:35Z	Clarify how to handle key sharing wrt history visibility for invites	https://api.github.com/repos/matrix-org/matrix-spec/issues/2419
2416	closed	2026-07-14T12:32:41Z	2026-08-11T12:04:11Z	Spec `prev_sender` in CS API	https://api.github.com/repos/matrix-org/matrix-spec/issues/2416
2415	open	2026-07-13T17:08:51Z	2026-07-13T17:20:40Z	Rejoinability of (empty) rooms the local server has left is not well-defined	https://api.github.com/repos/matrix-org/matrix-spec/issues/2415
2409	open	2026-07-10T17:07:21Z	2026-07-13T11:04:25Z	Inconsistency of `m.room.power_levels` definition with room verion 12 (MSC4289)	https://api.github.com/repos/matrix-org/matrix-spec/issues/2409
2406	closed	2026-07-06T17:27:07Z	2026-07-08T15:03:25Z	Matrix 1.19	https://api.github.com/repos/matrix-org/matrix-spec/issues/2406
2405	open	2026-07-01T05:59:37Z	2026-07-01T05:59:37Z	Add a checklist to the security considerations template?	https://api.github.com/repos/matrix-org/matrix-spec/issues/2405
2393	open	2026-06-08T22:56:11Z	2026-06-08T22:56:11Z	Room summary API is missing authentication options	https://api.github.com/repos/matrix-org/matrix-spec/issues/2393
2391	closed	2026-06-05T18:04:36Z	2026-06-05T18:20:22Z	Stop requesting `https://<hostname>/.well-known/matrix/server` when server responds with 410 Gone	https://api.github.com/repos/matrix-org/matrix-spec/issues/2391
2390	closed	2026-06-04T17:52:05Z	2026-06-04T18:05:44Z	State Res v2.1 docs eerily silent on "roaring bitmaps" Rust alternative to "chain cover index"	https://api.github.com/repos/matrix-org/matrix-spec/issues/2390
2388	open	2026-06-02T11:02:25Z	2026-06-04T09:42:03Z	Auth rules for PL events don't say if the default value counts as "present" or not	https://api.github.com/repos/matrix-org/matrix-spec/issues/2388
2380	closed	2026-05-19T15:17:14Z	2026-05-19T15:40:53Z	Information-rich invites	https://api.github.com/repos/matrix-org/matrix-spec/issues/2380
2378	open	2026-05-13T16:02:24Z	2026-05-13T16:02:33Z	MSC4186 Sliding Sync seems to be missing high-level stewardship on pagination strategies	https://api.github.com/repos/matrix-org/matrix-spec/issues/2378
2365	open	2026-04-28T14:57:45Z	2026-04-28T15:10:28Z	UserID type not used consistently	https://api.github.com/repos/matrix-org/matrix-spec/issues/2365
2363	closed	2026-04-28T11:14:37Z	2026-07-21T20:38:46Z	"Validation of incoming decrypted events" section contains manifest nonsense	https://api.github.com/repos/matrix-org/matrix-spec/issues/2363
2362	closed	2026-04-28T03:34:44Z	2026-05-31T23:43:32Z	Policy server public keys are defined as "unpadded base64" but implementations vary	https://api.github.com/repos/matrix-org/matrix-spec/issues/2362
2356	open	2026-04-16T21:34:09Z	2026-04-16T21:51:33Z	Grammar for account data types	https://api.github.com/repos/matrix-org/matrix-spec/issues/2356
2355	open	2026-04-16T12:18:38Z	2026-04-16T22:08:09Z	Grammar for Secret Storage key ID	https://api.github.com/repos/matrix-org/matrix-spec/issues/2355
2353	open	2026-04-08T16:24:04Z	2026-05-20T16:14:31Z	Include heroes for invites/knocks to be able to display a room name	https://api.github.com/repos/matrix-org/matrix-spec/issues/2353
2350	open	2026-03-31T11:29:52Z	2026-04-07T15:35:38Z	Missing spec for `org.matrix.preview_urls` account data	https://api.github.com/repos/matrix-org/matrix-spec/issues/2350
2342	open	2026-03-23T16:04:14Z	2026-05-01T11:45:33Z	Define "mimetypes"	https://api.github.com/repos/matrix-org/matrix-spec/issues/2342
2339	closed	2026-03-18T20:55:57Z	2026-04-06T17:16:04Z	Matrix 1.18	https://api.github.com/repos/matrix-org/matrix-spec/issues/2339
2335	open	2026-03-11T13:12:56Z	2026-03-17T13:52:24Z	CSAPI `GET /rooms/{roomId}/event/{eventId}` does not pull events over federation, breaking pinned messages (it's not clear how clients should fetch `m.room.pinned_events`)	https://api.github.com/repos/matrix-org/matrix-spec/issues/2335
2327	open	2026-03-03T14:32:14Z	2026-03-03T14:32:14Z	/_matrix/client/v1/media/preview_url should clarify what status codes / errors may be returned	https://api.github.com/repos/matrix-org/matrix-spec/issues/2327
2325	open	2026-02-28T20:57:19Z	2026-03-02T11:34:30Z	Navigation header should be sticky in mobile view	https://api.github.com/repos/matrix-org/matrix-spec/issues/2325
2322	open	2026-02-25T02:53:16Z	2026-05-23T01:36:20Z	Option to "sync" room power levels and permissions with the parent space	https://api.github.com/repos/matrix-org/matrix-spec/issues/2322
2321	open	2026-02-23T23:10:33Z	2026-08-18T08:20:56Z	Forum type rooms	https://api.github.com/repos/matrix-org/matrix-spec/issues/2321
2314	open	2026-02-16T16:54:35Z	2026-05-07T21:07:49Z	Underscores in string powerlevels	https://api.github.com/repos/matrix-org/matrix-spec/issues/2314
2313	open	2026-02-15T16:04:59Z	2026-04-02T13:11:02Z	How to check if guest registration is available, without creating a guest account?	https://api.github.com/repos/matrix-org/matrix-spec/issues/2313
2312	open	2026-02-14T15:15:47Z	2026-02-14T15:15:47Z	/media/v3/preview_url response spec should include the original value of og:image	https://api.github.com/repos/matrix-org/matrix-spec/issues/2312
2310	open	2026-02-07T19:15:13Z	2026-02-07T19:31:34Z	Cascading Bans and Kicks for subspaces	https://api.github.com/repos/matrix-org/matrix-spec/issues/2310
2309	open	2026-02-07T18:49:41Z	2026-02-14T14:08:33Z	Follow threads to minimise notification spam	https://api.github.com/repos/matrix-org/matrix-spec/issues/2309
2308	open	2026-02-04T12:53:09Z	2026-02-04T14:00:37Z	No existing server implementations follow the spec for `GET /_matrix/client/v3/rooms/{roomId}/members` query parameters	https://api.github.com/repos/matrix-org/matrix-spec/issues/2308
2302	open	2026-01-27T14:19:13Z	2026-02-02T12:21:12Z	Immutable encryption and history visibility	https://api.github.com/repos/matrix-org/matrix-spec/issues/2302
2296	closed	2026-01-25T03:28:02Z	2026-01-28T20:24:22Z	How to handle a string representation of a powerlevel if it exceeds the canonical JSON integer limits	https://api.github.com/repos/matrix-org/matrix-spec/issues/2296
2295	open	2026-01-23T09:50:29Z	2026-01-23T09:50:55Z	How to handle event edits when excluding insecure devices	https://api.github.com/repos/matrix-org/matrix-spec/issues/2295
2294	open	2026-01-23T09:37:08Z	2026-01-29T16:33:03Z	What does ignoring an invalid edit actually mean	https://api.github.com/repos/matrix-org/matrix-spec/issues/2294
2293	open	2026-01-22T13:03:56Z	2026-03-03T16:59:27Z	In space events, is the `via` required or optional?	https://api.github.com/repos/matrix-org/matrix-spec/issues/2293
2286	open	2025-12-28T12:34:36Z	2026-01-13T17:57:51Z	Table backgrounds dont span full width anymore	https://api.github.com/repos/matrix-org/matrix-spec/issues/2286
2285	closed	2025-12-23T14:44:36Z	2026-01-03T14:21:12Z	Megolm session key backup algorithm	https://api.github.com/repos/matrix-org/matrix-spec/issues/2285
2281	open	2025-12-19T14:39:03Z	2026-01-24T13:10:53Z	Do not rely on Element resources for spec development	https://api.github.com/repos/matrix-org/matrix-spec/issues/2281
2279	open	2025-12-19T13:51:19Z	2025-12-19T20:00:20Z	Consider handling bridge bots in room names differently	https://api.github.com/repos/matrix-org/matrix-spec/issues/2279
2274	open	2025-12-18T17:27:03Z	2025-12-19T09:42:25Z	npm package for v1.17 failed to build	https://api.github.com/repos/matrix-org/matrix-spec/issues/2274
2271	open	2025-12-16T22:33:40Z	2025-12-16T22:33:40Z	`POST /_matrix/client/v3/rooms/{roomId}/forget` fails to define a request body	https://api.github.com/repos/matrix-org/matrix-spec/issues/2271
2269	open	2025-12-16T18:56:30Z	2025-12-16T18:56:30Z	`/register` takes undocumented `type` parameter	https://api.github.com/repos/matrix-org/matrix-spec/issues/2269
2266	closed	2025-12-09T06:26:00Z	2025-12-18T17:28:40Z	Matrix 1.17	https://api.github.com/repos/matrix-org/matrix-spec/issues/2266
2265	closed	2025-12-08T22:19:42Z	2025-12-16T17:11:48Z	Version picker for historical versions is broken	https://api.github.com/repos/matrix-org/matrix-spec/issues/2265
2254	open	2025-11-26T15:50:11Z	2025-11-29T13:06:07Z	`GET /_matrix/client/v3/profile/...` states it do not require auth, but implementations can require auth	https://api.github.com/repos/matrix-org/matrix-spec/issues/2254
2253	open	2025-11-26T12:31:25Z	2026-06-08T20:38:31Z	"MSC4289: Explicitly privilege room creators" did not specify what a creator's power level should be upon room downgrade	https://api.github.com/repos/matrix-org/matrix-spec/issues/2253
2252	open	2025-11-24T12:38:06Z	2026-01-15T13:28:51Z	Clarify that you can't expect the redaction of a state event to remove its effect.	https://api.github.com/repos/matrix-org/matrix-spec/issues/2252
2251	open	2025-11-24T10:54:08Z	2026-05-18T21:49:15Z	Missing device_one_time_keys_count should not imply zero	https://api.github.com/repos/matrix-org/matrix-spec/issues/2251
2248	closed	2025-11-15T19:41:06Z	2025-11-24T17:16:40Z	secrets.md contains a grammar error	https://api.github.com/repos/matrix-org/matrix-spec/issues/2248
2247	closed	2025-11-14T13:33:14Z	2025-11-27T17:24:00Z	Server-advertised VoIP base URL (optional override for homeserver domain during calls)	https://api.github.com/repos/matrix-org/matrix-spec/issues/2247
2244	open	2025-11-07T13:47:03Z	2025-11-07T13:47:03Z	Suggest that clients pin upgraded rooms like they would invintations	https://api.github.com/repos/matrix-org/matrix-spec/issues/2244
2243	open	2025-11-05T18:54:50Z	2025-11-06T08:42:10Z	Add a way to escape glob characters	https://api.github.com/repos/matrix-org/matrix-spec/issues/2243
2237	open	2025-10-23T19:34:20Z	2025-10-23T19:54:25Z	What should happen when the homeserver is unable to fetch hierarchy info about a remote room?	https://api.github.com/repos/matrix-org/matrix-spec/issues/2237
2236	closed	2025-10-22T17:03:18Z	2025-10-22T17:46:10Z	Antivirus	https://api.github.com/repos/matrix-org/matrix-spec/issues/2236
2235	open	2025-10-19T08:29:29Z	2025-10-29T13:17:42Z	Is the `error` field in standard error responses required?	https://api.github.com/repos/matrix-org/matrix-spec/issues/2235
2230	open	2025-10-14T19:26:23Z	2025-10-14T19:26:23Z	Add ability to set reminders on messages	https://api.github.com/repos/matrix-org/matrix-spec/issues/2230
2218	closed	2025-10-03T19:10:55Z	2025-10-07T18:40:34Z	Outdated Twitter icon on https://spec.matrix.org/latest/	https://api.github.com/repos/matrix-org/matrix-spec/issues/2218
2209	open	2025-09-12T08:41:12Z	2025-09-12T11:43:51Z	4S Secrets should be sent as part of the device verification exchange, not afterwards	https://api.github.com/repos/matrix-org/matrix-spec/issues/2209
2208	closed	2025-09-08T22:30:25Z	2025-09-17T17:35:52Z	Matrix 1.16	https://api.github.com/repos/matrix-org/matrix-spec/issues/2208
2203	open	2025-09-03T12:02:35Z	2025-09-03T12:05:13Z	Clarify how clients should handle rooms in the `leave` section of sync without a leave member event	https://api.github.com/repos/matrix-org/matrix-spec/issues/2203
2202	open	2025-09-02T15:23:47Z	2025-09-02T17:08:07Z	Clarify `limit` parameter on `/context`	https://api.github.com/repos/matrix-org/matrix-spec/issues/2202
2201	open	2025-08-29T18:23:27Z	2025-08-31T15:25:37Z	Adjust spec to differentiate between Rooms, DMs, and Spaces, such that ACLs and settings can be defined for each independently.	https://api.github.com/repos/matrix-org/matrix-spec/issues/2201
2200	open	2025-08-24T04:49:54Z	2025-08-25T09:15:35Z	Clarify PUT /state event endpoint have special behaviour around `m.room.member`	https://api.github.com/repos/matrix-org/matrix-spec/issues/2200
2198	closed	2025-08-22T17:49:10Z	2025-08-22T18:10:52Z	Join member event auth rules in room v12 have broken formatting	https://api.github.com/repos/matrix-org/matrix-spec/issues/2198
2197	open	2025-08-18T17:57:39Z	2025-08-18T17:57:39Z	Specify the default power levels during creation better	https://api.github.com/repos/matrix-org/matrix-spec/issues/2197
2196	closed	2025-08-12T09:42:12Z	2025-08-12T10:13:33Z	/_matrix/client/v3/rooms/{roomId}/state/{eventType}/{stateKey} doesn't give you the full event body	https://api.github.com/repos/matrix-org/matrix-spec/issues/2196
2194	open	2025-08-11T16:24:00Z	2025-12-10T00:19:45Z	Both sides of upgraded rooms should remain in spaces	https://api.github.com/repos/matrix-org/matrix-spec/issues/2194
2192	closed	2025-08-07T09:51:16Z	2025-08-07T09:53:41Z	Lack of guidance for how clients should join the `replacement_room` from tombstone events	https://api.github.com/repos/matrix-org/matrix-spec/issues/2192
2185	open	2025-08-02T13:38:43Z	2025-08-02T13:38:53Z	We have no way to inform clients about new logins on their account.	https://api.github.com/repos/matrix-org/matrix-spec/issues/2185
2184	closed	2025-07-28T18:27:43Z	2025-08-07T18:39:42Z	Release blocker: room version 12	https://api.github.com/repos/matrix-org/matrix-spec/issues/2184
2183	open	2025-07-28T12:04:41Z	2025-07-29T13:39:00Z	Spaces hierarchy lacks a way to know which servers to join via	https://api.github.com/repos/matrix-org/matrix-spec/issues/2183
2180	open	2025-07-23T09:14:56Z	2025-08-05T15:08:54Z	"Spec" nightly workflow occasionally fails due to `TypeError: Cannot read properties of undefined (reading 'map')`	https://api.github.com/repos/matrix-org/matrix-spec/issues/2180
2178	closed	2025-07-17T11:45:42Z	2025-07-17T13:39:28Z	Matrix 1.X	https://api.github.com/repos/matrix-org/matrix-spec/issues/2178
2176	open	2025-07-11T22:02:49Z	2025-07-11T22:02:49Z	Events in the Client-Server API appear to be missing fields	https://api.github.com/repos/matrix-org/matrix-spec/issues/2176
2174	closed	2025-07-08T15:13:32Z	2025-09-26T10:02:37Z	Push rules: 'rule_ids do not need to be unique between rules of the same kind on different devices', but doesn't mention how (and not sure it's right)	https://api.github.com/repos/matrix-org/matrix-spec/issues/2174
2173	open	2025-07-08T15:10:40Z	2025-07-08T16:04:46Z	Push rules: 'Rules with the same kind can specify an ordering priority.' but no mention of how this is done	https://api.github.com/repos/matrix-org/matrix-spec/issues/2173
2170	open	2025-06-27T13:44:37Z	2025-06-27T14:46:03Z	spec idea: bot comands listing	https://api.github.com/repos/matrix-org/matrix-spec/issues/2170
2168	open	2025-06-26T10:12:37Z	2025-06-26T10:12:37Z	Spec specific error codes and kick content for deleted rooms	https://api.github.com/repos/matrix-org/matrix-spec/issues/2168
2166	open	2025-06-23T08:09:58Z	2025-06-26T16:40:31Z	Federated invite endpoint is error-prone	https://api.github.com/repos/matrix-org/matrix-spec/issues/2166
2165	closed	2025-06-23T07:20:11Z	2025-07-21T05:54:22Z	Clarify auth rules require that auth events be in the same room	https://api.github.com/repos/matrix-org/matrix-spec/issues/2165
2163	closed	2025-06-20T15:08:32Z	2025-06-26T20:59:54Z	Matrix 1.15	https://api.github.com/repos/matrix-org/matrix-spec/issues/2163
2162	closed	2025-06-15T16:19:58Z	2025-06-30T09:13:02Z	Stop using bold text for everything	https://api.github.com/repos/matrix-org/matrix-spec/issues/2162
2161	closed	2025-06-12T19:14:01Z	2025-09-26T09:59:22Z	createRoom endpoint still mentions creator	https://api.github.com/repos/matrix-org/matrix-spec/issues/2161
2156	closed	2025-06-03T11:16:56Z	2025-06-03T14:17:15Z	"Glob-style matching" does not describe an escaping mechanism	https://api.github.com/repos/matrix-org/matrix-spec/issues/2156
2155	open	2025-05-29T19:45:23Z	2025-05-30T11:30:57Z	Data type of `url` field within Application Service registration file is confusing	https://api.github.com/repos/matrix-org/matrix-spec/issues/2155
2152	open	2025-05-27T19:17:33Z	2025-09-24T14:11:44Z	MSC's should always use their unstable prefix when describing event properties or schema.	https://api.github.com/repos/matrix-org/matrix-spec/issues/2152
2146	open	2025-05-23T23:47:17Z	2025-05-23T23:47:17Z	Recommend clients avoid including any invitations in the top level of the client.	https://api.github.com/repos/matrix-org/matrix-spec/issues/2146
2145	open	2025-05-23T23:46:01Z	2025-05-23T23:46:01Z	Recommend clients avoid notifying for invitations and showing any room information in notifications	https://api.github.com/repos/matrix-org/matrix-spec/issues/2145
2143	closed	2025-05-21T08:15:11Z	2025-05-21T21:00:10Z	Reserving MSC numbers & discovering proposals	https://api.github.com/repos/matrix-org/matrix-spec/issues/2143
2142	open	2025-05-17T22:08:11Z	2025-05-19T16:19:44Z	How should m.room.canonical_alias be handled on room upgrade	https://api.github.com/repos/matrix-org/matrix-spec/issues/2142
2139	open	2025-05-01T14:50:02Z	2025-05-01T15:01:34Z	Clarify Behavior When Inviting Non-Existent Users	https://api.github.com/repos/matrix-org/matrix-spec/issues/2139
2138	open	2025-04-27T21:57:16Z	2025-04-27T21:57:16Z	A users own invite event should not be stripped in sync	https://api.github.com/repos/matrix-org/matrix-spec/issues/2138
2136	closed	2025-04-25T08:50:25Z	2025-04-25T10:31:16Z	"required power level" is mentioned in the room authorization rules	https://api.github.com/repos/matrix-org/matrix-spec/issues/2136
2135	closed	2025-04-24T13:23:40Z	2025-05-27T08:52:38Z	Update header to fit the $current_year of matrix.org	https://api.github.com/repos/matrix-org/matrix-spec/issues/2135
2134	open	2025-04-21T12:25:12Z	2025-04-21T12:25:12Z	Client-side display aliases for rooma/users	https://api.github.com/repos/matrix-org/matrix-spec/issues/2134
2129	open	2025-04-09T06:11:39Z	2025-08-04T03:12:33Z	$CHANACS / Assigning power levels to room IDs rather than user IDs	https://api.github.com/repos/matrix-org/matrix-spec/issues/2129
2127	open	2025-03-31T21:06:41Z	2025-04-02T20:11:58Z	What are the set(s) of core-events that are covered by the protocol.	https://api.github.com/repos/matrix-org/matrix-spec/issues/2127
2126	open	2025-03-31T16:41:44Z	2025-04-08T09:28:08Z	spec idea: roles	https://api.github.com/repos/matrix-org/matrix-spec/issues/2126
2124	closed	2025-03-29T10:13:41Z	2025-04-01T00:40:31Z	Clarify minimum sizes for core events	https://api.github.com/repos/matrix-org/matrix-spec/issues/2124
2120	open	2025-03-28T09:22:17Z	2025-03-28T09:22:17Z	Document config.toml moved to config/_default/hugo.toml	https://api.github.com/repos/matrix-org/matrix-spec/issues/2120
2119	open	2025-03-28T09:01:11Z	2025-03-28T09:01:11Z	Replace unmaintained klakegg/hugo container with hugomods/hugo	https://api.github.com/repos/matrix-org/matrix-spec/issues/2119
2118	open	2025-03-28T07:19:24Z	2025-03-28T07:19:35Z	spaces: Is `{"via":[]}` considered valid?	https://api.github.com/repos/matrix-org/matrix-spec/issues/2118
2117	open	2025-03-28T03:00:45Z	2025-03-28T03:00:45Z	Chosen nickname/alias of a user should be respected (imported) when inviting them to a new space/room	https://api.github.com/repos/matrix-org/matrix-spec/issues/2117
2116	closed	2025-03-27T19:41:50Z	2025-05-13T15:10:00Z	Historical spec builds don't say they're historical	https://api.github.com/repos/matrix-org/matrix-spec/issues/2116
2113	open	2025-03-26T07:55:13Z	2026-08-16T19:33:51Z	Security best practices (DANE support?)	https://api.github.com/repos/matrix-org/matrix-spec/issues/2113
2112	open	2025-03-23T23:35:11Z	2025-03-31T16:00:59Z	Should ignored users be dropped from m.typing and m.receipt events in sync?	https://api.github.com/repos/matrix-org/matrix-spec/issues/2112
2111	open	2025-03-21T10:33:10Z	2025-03-24T09:39:09Z	Case insensitive behaviour is defined as server-side implementation detail	https://api.github.com/repos/matrix-org/matrix-spec/issues/2111
2110	closed	2025-03-20T19:21:52Z	2025-03-27T19:36:01Z	Matrix 1.14	https://api.github.com/repos/matrix-org/matrix-spec/issues/2110
2103	open	2025-03-19T05:47:49Z	2025-03-19T05:47:49Z	Signed messages in unencrypted rooms	https://api.github.com/repos/matrix-org/matrix-spec/issues/2103
2099	open	2025-03-17T10:05:21Z	2025-03-17T10:05:40Z	`GET /initialSync`'s response mentions a `limit` parameter which is not documented for the request	https://api.github.com/repos/matrix-org/matrix-spec/issues/2099
2098	closed	2025-03-17T09:42:46Z	2025-10-02T11:04:12Z	`room_id` should be required in `GET /events` for peeking	https://api.github.com/repos/matrix-org/matrix-spec/issues/2098
2097	open	2025-03-17T08:45:11Z	2025-03-18T00:12:34Z	Spec says that room directory is not authed. But in practice, synapse auths it by default.	https://api.github.com/repos/matrix-org/matrix-spec/issues/2097
2096	open	2025-03-14T09:23:01Z	2025-07-24T18:18:34Z	Specifying x-addedInMatrixVersion & friends prior to a release	https://api.github.com/repos/matrix-org/matrix-spec/issues/2096
2094	closed	2025-03-13T10:22:42Z	2025-03-14T13:02:24Z	Additional arbitrary room information	https://api.github.com/repos/matrix-org/matrix-spec/issues/2094
2092	open	2025-03-08T10:22:06Z	2025-03-08T10:23:25Z	GET /_matrix/client/v3/directory/room/{roomAlias} is badly designed and leads clients into unsafe behaviour	https://api.github.com/repos/matrix-org/matrix-spec/issues/2092
2090	open	2025-03-05T07:17:56Z	2025-03-14T21:14:25Z	Unclear IP address syntax requirements	https://api.github.com/repos/matrix-org/matrix-spec/issues/2090
2089	open	2025-02-26T17:34:16Z	2025-02-26T17:34:16Z	Message edits should clear reactions (emoji) to that message - replies should store the timestamp of the referred message	https://api.github.com/repos/matrix-org/matrix-spec/issues/2089
2087	open	2025-02-25T12:32:17Z	2025-02-25T12:32:17Z	Encrypted attachments V3	https://api.github.com/repos/matrix-org/matrix-spec/issues/2087
2086	open	2025-02-25T10:33:12Z	2025-02-25T11:36:28Z	Unclear what a membership event means in the case of changing global profile info	https://api.github.com/repos/matrix-org/matrix-spec/issues/2086
2085	open	2025-02-25T10:14:02Z	2025-02-25T10:14:02Z	Allow appservices to override user capabilites	https://api.github.com/repos/matrix-org/matrix-spec/issues/2085
2084	closed	2025-02-25T08:45:00Z	2025-08-27T06:35:58Z	[Bug] Spec documentation doesn't build with Hugo 0.141+	https://api.github.com/repos/matrix-org/matrix-spec/issues/2084
2082	open	2025-02-22T18:13:07Z	2025-02-27T00:15:04Z	It is unclear when `third_party_signed` property of `/join` endpoints should be used	https://api.github.com/repos/matrix-org/matrix-spec/issues/2082
2075	open	2025-02-21T10:08:48Z	2025-02-24T10:06:17Z	Transparency logs for public identity keys	https://api.github.com/repos/matrix-org/matrix-spec/issues/2075
2062	closed	2025-01-24T15:31:52Z	2025-05-08T09:09:46Z	Document that incoming invite events will reach a homeserver twice - once over /invite and again over /send	https://api.github.com/repos/matrix-org/matrix-spec/issues/2062
2060	closed	2025-01-21T10:24:15Z	2025-04-22T14:48:51Z	Identity servers `public_key(s)` base64 format needs to be clarified	https://api.github.com/repos/matrix-org/matrix-spec/issues/2060
2058	open	2025-01-15T22:55:59Z	2025-01-16T17:49:54Z	Document the actual current implementation requirements of the MSC process	https://api.github.com/repos/matrix-org/matrix-spec/issues/2058
2056	open	2025-01-15T15:42:56Z	2025-01-15T21:09:08Z	`id_server` format is not documented	https://api.github.com/repos/matrix-org/matrix-spec/issues/2056
2054	closed	2025-01-15T00:24:14Z	2025-09-02T07:54:03Z	https://spec.matrix.org/proposals/ has broken/no CSS	https://api.github.com/repos/matrix-org/matrix-spec/issues/2054
2053	open	2025-01-14T17:43:40Z	2025-01-14T17:43:40Z	Missing knock->join transition on membership transition graph and table	https://api.github.com/repos/matrix-org/matrix-spec/issues/2053
2052	open	2025-01-14T06:36:51Z	2026-08-16T02:21:37Z	/directory/room{roomAlias} leaks all involved homeservers	https://api.github.com/repos/matrix-org/matrix-spec/issues/2052
2043	open	2024-12-28T12:53:38Z	2024-12-28T12:55:17Z	origin_client_ts to distinguish composed v. sent timestamps	https://api.github.com/repos/matrix-org/matrix-spec/issues/2043
2040	open	2024-12-19T20:35:15Z	2025-11-19T17:23:40Z	Secret storage section needs cleanup	https://api.github.com/repos/matrix-org/matrix-spec/issues/2040
2039	closed	2024-12-19T16:25:58Z	2025-02-21T09:35:45Z	Upgrade CI actions	https://api.github.com/repos/matrix-org/matrix-spec/issues/2039
2037	closed	2024-12-17T20:59:09Z	2024-12-18T21:28:45Z	misconfiguration and privilege escalation lead to take high access at space (space takeover) at https://chat.target.org (by matrix software)	https://api.github.com/repos/matrix-org/matrix-spec/issues/2037
2035	open	2024-12-17T15:28:01Z	2024-12-17T15:30:47Z	v11 auth rules 2.2 is unclear in combination with auth event selection algo	https://api.github.com/repos/matrix-org/matrix-spec/issues/2035
2034	open	2024-12-16T21:44:04Z	2024-12-16T22:02:38Z	What is the point of `/keys/changes` ?	https://api.github.com/repos/matrix-org/matrix-spec/issues/2034
2031	open	2024-12-14T06:31:21Z	2025-03-01T20:35:39Z	How about a message type which will never trigger notifications?	https://api.github.com/repos/matrix-org/matrix-spec/issues/2031
2030	open	2024-12-13T12:44:11Z	2024-12-13T12:45:20Z	Account data section needs cleanup	https://api.github.com/repos/matrix-org/matrix-spec/issues/2030
2027	open	2024-12-09T11:35:55Z	2024-12-17T08:31:45Z	Should v3+ room version events containing an `event_id` field be rejected?	https://api.github.com/repos/matrix-org/matrix-spec/issues/2027
2025	open	2024-12-05T17:23:26Z	2025-03-24T02:04:22Z	State events from blocked users should not be shown to clients	https://api.github.com/repos/matrix-org/matrix-spec/issues/2025
2023	closed	2024-12-04T16:01:04Z	2024-12-04T16:40:29Z	Ambiguity of rule 4.3.1 of the auth rules in room version 11	https://api.github.com/repos/matrix-org/matrix-spec/issues/2023
2020	open	2024-11-29T11:04:03Z	2024-11-29T11:04:03Z	ETag support for  /_matrix/client/v3/rooms/{roomId}/state	https://api.github.com/repos/matrix-org/matrix-spec/issues/2020
2019	open	2024-11-29T11:01:17Z	2024-11-29T11:01:17Z	Ability to specify a filter for /_matrix/client/v3/rooms/{roomId}/state	https://api.github.com/repos/matrix-org/matrix-spec/issues/2019
2013	closed	2024-11-26T01:04:31Z	2024-12-19T17:38:53Z	Matrix 1.13	https://api.github.com/repos/matrix-org/matrix-spec/issues/2013
2012	open	2024-11-25T22:06:06Z	2024-11-26T11:06:04Z	[Brainstorming] More granular access controls/power levels	https://api.github.com/repos/matrix-org/matrix-spec/issues/2012
1998	open	2024-11-15T03:15:39Z	2025-03-17T17:24:33Z	Clarify when `state_key` needs to be `""` in authorization rules	https://api.github.com/repos/matrix-org/matrix-spec/issues/1998
1993	open	2024-11-12T22:30:54Z	2024-11-12T22:30:55Z	Spec text incorrectly renders query parameters of type `object`	https://api.github.com/repos/matrix-org/matrix-spec/issues/1993
1992	open	2024-11-11T11:09:58Z	2024-11-11T11:57:11Z	MXC sanitising spec is unclear/impossible to apply	https://api.github.com/repos/matrix-org/matrix-spec/issues/1992
1990	closed	2024-11-07T11:35:47Z	2025-09-26T14:36:36Z	C-S API MXC Security Consideration pretty much all MXCs are invalid	https://api.github.com/repos/matrix-org/matrix-spec/issues/1990
1989	open	2024-11-06T00:04:50Z	2024-11-11T08:58:07Z	Example test cases for common edge cases in state resolution	https://api.github.com/repos/matrix-org/matrix-spec/issues/1989
1988	open	2024-11-05T22:08:45Z	2024-11-07T12:54:15Z	How does signature verification work in pre-v6 rooms	https://api.github.com/repos/matrix-org/matrix-spec/issues/1988
1987	open	2024-11-01T11:15:31Z	2025-02-20T15:59:40Z	 Should we do away with 4S secret storage in favour of deriving everything deterministically from the recovery key?	https://api.github.com/repos/matrix-org/matrix-spec/issues/1987
1986	closed	2024-10-30T11:28:08Z	2024-10-30T12:00:06Z	Change the server-side push rule to check for `formatted_body` in addition to `body`	https://api.github.com/repos/matrix-org/matrix-spec/issues/1986
1982	open	2024-10-17T17:04:54Z	2024-10-26T16:40:31Z	Lazy load text has inconsistent url parameter notation	https://api.github.com/repos/matrix-org/matrix-spec/issues/1982
1981	open	2024-10-15T12:55:38Z	2024-10-15T12:55:38Z	Ability to ignore individual messages.	https://api.github.com/repos/matrix-org/matrix-spec/issues/1981
1965	open	2024-10-09T11:48:58Z	2024-10-09T11:48:58Z	A Channel Feature Similar to Telegram Channels	https://api.github.com/repos/matrix-org/matrix-spec/issues/1965
1964	closed	2024-10-07T20:35:57Z	2025-03-27T19:42:26Z	Historical spec artifacts starting with v1.11 have broken CSS	https://api.github.com/repos/matrix-org/matrix-spec/issues/1964
1963	open	2024-10-06T14:24:11Z	2024-10-07T18:49:00Z	Add some sort of approval step before a new user can send images	https://api.github.com/repos/matrix-org/matrix-spec/issues/1963
1962	closed	2024-10-05T17:29:13Z	2024-10-10T13:53:34Z	Matrix Reference Implementation	https://api.github.com/repos/matrix-org/matrix-spec/issues/1962
1961	closed	2024-10-05T13:29:37Z	2024-10-07T13:17:26Z	Reactions to Reactions/Second level reactions	https://api.github.com/repos/matrix-org/matrix-spec/issues/1961
1960	closed	2024-10-01T13:45:01Z	2024-10-05T13:24:20Z	Tapback Reactions	https://api.github.com/repos/matrix-org/matrix-spec/issues/1960
1958	closed	2024-09-30T16:51:03Z	2024-10-07T20:41:32Z	Matrix 1.12	https://api.github.com/repos/matrix-org/matrix-spec/issues/1958
1957	closed	2024-09-30T14:28:34Z	2024-11-14T11:11:35Z	Stop using canonifyURLs	https://api.github.com/repos/matrix-org/matrix-spec/issues/1957
1955	closed	2024-09-30T14:07:06Z	2025-03-05T09:56:50Z	Reuse Invite3pid object across spec	https://api.github.com/repos/matrix-org/matrix-spec/issues/1955
1953	closed	2024-09-28T15:45:15Z	2025-08-06T15:41:37Z	Divide thread and messages permissions	https://api.github.com/repos/matrix-org/matrix-spec/issues/1953
1952	open	2024-09-18T21:29:27Z	2024-09-20T20:21:51Z	Federated media multipart/mixed JSON object shouldn't be required to be empty	https://api.github.com/repos/matrix-org/matrix-spec/issues/1952
1951	open	2024-09-17T13:00:37Z	2025-11-28T13:39:34Z	`createRoom` should be atomic	https://api.github.com/repos/matrix-org/matrix-spec/issues/1951
1950	open	2024-09-13T14:11:58Z	2024-09-13T14:11:58Z	Distinction between deleting devices and invalidating access tokens is bogus and confusing	https://api.github.com/repos/matrix-org/matrix-spec/issues/1950
1949	open	2024-09-12T17:39:39Z	2025-01-11T05:26:22Z	Authenticated Media v2	https://api.github.com/repos/matrix-org/matrix-spec/issues/1949
1948	open	2024-09-12T13:20:09Z	2024-09-12T17:31:19Z	Clarify notary servers are no longer required to sign responses	https://api.github.com/repos/matrix-org/matrix-spec/issues/1948
1943	closed	2024-09-09T09:01:45Z	2024-09-11T11:51:28Z	GET /capabilities shouldn't restrict additional properties to object types	https://api.github.com/repos/matrix-org/matrix-spec/issues/1943
1942	closed	2024-09-07T10:20:19Z	2024-10-19T15:10:04Z	Room: Mount Remote Cloud Storage	https://api.github.com/repos/matrix-org/matrix-spec/issues/1942
1932	open	2024-08-16T23:09:00Z	2024-08-16T23:09:33Z	`m.room.power_levels` provide no way of restricting the media (via mixins) you can embed into events. 	https://api.github.com/repos/matrix-org/matrix-spec/issues/1932
1931	closed	2024-08-16T20:15:04Z	2024-08-16T20:47:35Z	Restricting permissions for relations - Thread-only rooms	https://api.github.com/repos/matrix-org/matrix-spec/issues/1931
1927	closed	2024-08-12T15:42:42Z	2024-08-15T09:31:51Z	Document that the spec uses RFC 2119	https://api.github.com/repos/matrix-org/matrix-spec/issues/1927
1925	closed	2024-08-11T13:10:13Z	2024-10-07T13:15:19Z	Text calling	https://api.github.com/repos/matrix-org/matrix-spec/issues/1925
1922	open	2024-08-09T20:05:16Z	2026-08-20T18:48:54Z	Make state resolution faster	https://api.github.com/repos/matrix-org/matrix-spec/issues/1922
1917	open	2024-08-05T21:19:06Z	2026-04-01T18:35:03Z	Clarify order of initial vs incremental `/sync`	https://api.github.com/repos/matrix-org/matrix-spec/issues/1917
1913	closed	2024-07-25T09:51:37Z	2024-08-12T09:53:19Z	GET /.well-known/matrix/client only allows additional properties of type `object`	https://api.github.com/repos/matrix-org/matrix-spec/issues/1913
1912	closed	2024-07-19T11:13:11Z	2024-10-30T10:30:07Z	Add 403 response error to `/_matrix/federation/v1/state_ids/{roomId}`	https://api.github.com/repos/matrix-org/matrix-spec/issues/1912
1911	closed	2024-07-18T07:55:39Z	2024-09-11T12:56:15Z	Confusion between "DNS name" and "Server name" in SS API and Appendices	https://api.github.com/repos/matrix-org/matrix-spec/issues/1911
1906	open	2024-07-08T15:04:25Z	2025-07-21T08:22:34Z	Should we be descriptive or prescriptive about how room upgrades work?	https://api.github.com/repos/matrix-org/matrix-spec/issues/1906
1904	open	2024-07-07T20:10:37Z	2024-07-08T10:10:51Z	Servers don't enforce PDU format	https://api.github.com/repos/matrix-org/matrix-spec/issues/1904
1902	open	2024-07-05T10:23:01Z	2024-07-08T07:16:11Z	Deprecate query string authorization for /_matrix/federation/v1/openid/userinfo	https://api.github.com/repos/matrix-org/matrix-spec/issues/1902
1901	open	2024-07-05T09:53:30Z	2024-07-05T10:24:06Z	Setting power levels during room creation	https://api.github.com/repos/matrix-org/matrix-spec/issues/1901
1900	closed	2024-07-05T06:36:49Z	2024-07-08T11:51:28Z	Fallback login spec doesn't specify what arguments `onLogin` takes (if any)	https://api.github.com/repos/matrix-org/matrix-spec/issues/1900
1898	open	2024-07-04T18:17:17Z	2026-01-30T13:53:50Z	Unclear requirements of where canonical JSON must be enforced	https://api.github.com/repos/matrix-org/matrix-spec/issues/1898
1894	closed	2024-07-01T09:41:30Z	2024-07-01T09:45:48Z	Broken templates on the swagger playground	https://api.github.com/repos/matrix-org/matrix-spec/issues/1894
1893	open	2024-07-01T09:03:52Z	2024-07-10T02:08:50Z	Allow read markers to go backwards	https://api.github.com/repos/matrix-org/matrix-spec/issues/1893
1891	closed	2024-06-27T15:49:12Z	2024-07-17T14:26:30Z	Behaviour of restricted rooms with no valid conditions is not clear	https://api.github.com/repos/matrix-org/matrix-spec/issues/1891
1889	open	2024-06-25T10:46:46Z	2024-06-25T10:46:46Z	Rate-limiting behaviour is not well-defined for clients in the Client-Server API	https://api.github.com/repos/matrix-org/matrix-spec/issues/1889
1887	open	2024-06-25T03:01:35Z	2024-06-25T18:08:44Z	Pre-filtering load limits are not discussed in the spec	https://api.github.com/repos/matrix-org/matrix-spec/issues/1887
1879	open	2024-06-18T18:50:04Z	2024-06-18T18:50:05Z	Consider adopting the Apache voting scale for FCP	https://api.github.com/repos/matrix-org/matrix-spec/issues/1879
1878	open	2024-06-18T16:11:59Z	2024-06-18T16:15:29Z	"Requires authentication" phrasing can be confusing	https://api.github.com/repos/matrix-org/matrix-spec/issues/1878
1874	closed	2024-06-18T00:52:03Z	2024-06-18T09:03:25Z	Cannot Register using API after 2 weeks of trying	https://api.github.com/repos/matrix-org/matrix-spec/issues/1874
1873	closed	2024-06-17T09:01:39Z	2025-05-08T09:29:34Z	Handlebars spills through into API viewer	https://api.github.com/repos/matrix-org/matrix-spec/issues/1873
1864	closed	2024-06-12T11:39:36Z	2024-06-12T21:46:48Z	Order field in m.tag is a float even though Canonical JSON forbids floats	https://api.github.com/repos/matrix-org/matrix-spec/issues/1864
1859	open	2024-06-11T08:06:56Z	2024-06-24T12:05:26Z	How should an appservice opt-out of providing an endpoint?	https://api.github.com/repos/matrix-org/matrix-spec/issues/1859
1857	closed	2024-06-10T18:27:01Z	2024-06-20T17:54:31Z	Matrix 1.11	https://api.github.com/repos/matrix-org/matrix-spec/issues/1857
1845	open	2024-06-05T15:10:29Z	2024-06-06T08:45:20Z	`/logout` does not take a request body, which is inconsistent	https://api.github.com/repos/matrix-org/matrix-spec/issues/1845
1837	closed	2024-06-03T05:06:02Z	2024-06-03T12:20:10Z	Wrong implementation version in appservice ping endpoint	https://api.github.com/repos/matrix-org/matrix-spec/issues/1837
1835	open	2024-06-01T17:17:08Z	2025-03-18T00:08:29Z	`GET /client/publicRooms` is marked as not requiring auth, despite Synapse requiring it by default.	https://api.github.com/repos/matrix-org/matrix-spec/issues/1835
1826	closed	2024-05-23T12:08:19Z	2024-06-12T08:11:09Z	Clarify Room ID requirements	https://api.github.com/repos/matrix-org/matrix-spec/issues/1826
1825	open	2024-05-21T06:35:57Z	2024-05-21T09:37:12Z	Collapsible sections in the table-of-contents	https://api.github.com/repos/matrix-org/matrix-spec/issues/1825
1821	open	2024-05-13T08:59:11Z	2024-05-13T08:59:11Z	Seperate space permissions for adding and removing rooms	https://api.github.com/repos/matrix-org/matrix-spec/issues/1821
1820	closed	2024-05-10T21:33:02Z	2025-02-07T11:36:31Z	auth_events and prev_events arrays of v1 PDU are flattened	https://api.github.com/repos/matrix-org/matrix-spec/issues/1820
1817	closed	2024-05-08T09:48:16Z	2024-05-08T12:48:33Z	`X-Matrix` Authorization header format summary does not mention comma whitespace rules	https://api.github.com/repos/matrix-org/matrix-spec/issues/1817
1815	open	2024-05-03T16:26:12Z	2024-05-03T16:27:41Z	All APIs should have a dedicated "Unsupported Endpoints" section	https://api.github.com/repos/matrix-org/matrix-spec/issues/1815
1811	closed	2024-04-30T17:03:41Z	2025-03-05T09:45:01Z	Empty objects and null in registration arrays	https://api.github.com/repos/matrix-org/matrix-spec/issues/1811
1807	closed	2024-04-26T10:18:42Z	2024-06-18T15:59:27Z	`POST /_matrix/client/v3/account/password` has authentication set as required but description says it is optional	https://api.github.com/repos/matrix-org/matrix-spec/issues/1807
1795	open	2024-04-17T14:34:58Z	2024-04-18T13:40:26Z	`/turnServer` doesn't specify error when homeserver has no TURN server	https://api.github.com/repos/matrix-org/matrix-spec/issues/1795
1792	open	2024-04-16T23:34:32Z	2024-07-07T17:27:33Z	Portable identities	https://api.github.com/repos/matrix-org/matrix-spec/issues/1792
1790	closed	2024-04-16T15:54:47Z	2024-07-10T03:44:27Z	`a`nchor tag `name` attribute is deprectated	https://api.github.com/repos/matrix-org/matrix-spec/issues/1790
1785	open	2024-04-12T12:43:15Z	2024-05-22T22:45:36Z	Triage spec issues 	https://api.github.com/repos/matrix-org/matrix-spec/issues/1785
1784	closed	2024-04-12T12:27:13Z	2024-12-11T22:48:05Z	Clarify how implementations of federation `/send` are to apply Server Access Control Lists on a "per PDU basis" 	https://api.github.com/repos/matrix-org/matrix-spec/issues/1784
1783	open	2024-04-12T12:01:38Z	2024-04-12T14:22:02Z	Provide an error code field to failed PDUs in federation `/send` similar to http apis	https://api.github.com/repos/matrix-org/matrix-spec/issues/1783
1782	open	2024-04-10T17:04:48Z	2024-08-12T15:28:27Z	Use RFC 2119 keywords consistently	https://api.github.com/repos/matrix-org/matrix-spec/issues/1782
1780	closed	2024-04-09T16:48:09Z	2024-04-22T15:26:43Z	Passing access tokens as query parameters should be deprecated	https://api.github.com/repos/matrix-org/matrix-spec/issues/1780
1779	open	2024-04-07T12:49:50Z	2024-04-09T19:19:42Z	It's not clear whether `/versions` should fail if auth is invalid	https://api.github.com/repos/matrix-org/matrix-spec/issues/1779
1778	open	2024-04-06T13:13:15Z	2024-04-06T13:14:47Z	Non-interactive E2EE Account Verification	https://api.github.com/repos/matrix-org/matrix-spec/issues/1778
1777	open	2024-04-03T12:22:25Z	2024-04-09T23:07:07Z	Clarification of invite->knock introduced in 1.10 should be at least a warning on older rendered spec versions	https://api.github.com/repos/matrix-org/matrix-spec/issues/1777
1774	closed	2024-04-01T21:14:31Z	2024-06-20T08:46:34Z	"Added in" and "Changed in" attributes should be rendered when attached to requests and responses	https://api.github.com/repos/matrix-org/matrix-spec/issues/1774
1768	closed	2024-03-25T08:54:22Z	2024-03-25T18:00:47Z	Add a version picker UI to the documentation website	https://api.github.com/repos/matrix-org/matrix-spec/issues/1768
1767	open	2024-03-22T20:23:25Z	2024-04-09T17:14:04Z	Behaviour of `allow_remote` on media endpoints is unclear	https://api.github.com/repos/matrix-org/matrix-spec/issues/1767
1764	open	2024-03-22T16:09:15Z	2024-03-22T16:09:15Z	Test building the historical spec more frequently than release cadence	https://api.github.com/repos/matrix-org/matrix-spec/issues/1764
1761	closed	2024-03-21T04:10:01Z	2024-03-21T11:03:08Z	Table of contents: Click to jump to section has regressed	https://api.github.com/repos/matrix-org/matrix-spec/issues/1761
1760	closed	2024-03-20T11:27:13Z	2024-03-21T10:57:10Z	Unread notification count remains stagnant when push rules are enabled.	https://api.github.com/repos/matrix-org/matrix-spec/issues/1760
1753	closed	2024-03-19T13:05:47Z	2025-10-07T08:44:21Z	`/media/v3/preview_url` response spec should include more properties	https://api.github.com/repos/matrix-org/matrix-spec/issues/1753
1752	open	2024-03-19T07:10:43Z	2024-04-09T19:26:45Z	Push Notifications: Add Support for: VAPID / WebPush Subscriptions	https://api.github.com/repos/matrix-org/matrix-spec/issues/1752
1750	open	2024-03-13T15:30:58Z	2024-04-09T17:22:59Z	SSSS passphrase encoding	https://api.github.com/repos/matrix-org/matrix-spec/issues/1750
1747	open	2024-03-12T18:03:29Z	2024-03-12T21:40:57Z	As a user or appservice, I want to know if another user has access to a specific event.	https://api.github.com/repos/matrix-org/matrix-spec/issues/1747
1743	closed	2024-03-12T03:17:07Z	2024-03-22T19:27:17Z	Matrix 1.10	https://api.github.com/repos/matrix-org/matrix-spec/issues/1743
1738	closed	2024-03-05T10:27:01Z	2024-03-08T02:13:39Z	Inconsistent `m.call.candidates` candidate definition	https://api.github.com/repos/matrix-org/matrix-spec/issues/1738
1736	open	2024-02-29T13:36:04Z	2024-11-20T19:32:52Z	New transport protocol (sunsetting JSON)	https://api.github.com/repos/matrix-org/matrix-spec/issues/1736
1729	closed	2024-02-24T13:50:06Z	2024-03-07T00:48:11Z	Conflicting use of PublicRoomsChunk for space hierarchy over federation	https://api.github.com/repos/matrix-org/matrix-spec/issues/1729
1727	open	2024-02-15T12:33:50Z	2025-11-11T19:42:36Z	Threaded receipt EDU shape down /sync makes it impossible to express certain valid receipts	https://api.github.com/repos/matrix-org/matrix-spec/issues/1727
1726	open	2024-02-15T01:13:28Z	2024-08-12T12:10:22Z	`/_matrix/key/v2/server` says it's signed by "the verify keys", but which ones from the list should be used?	https://api.github.com/repos/matrix-org/matrix-spec/issues/1726
1723	open	2024-02-08T12:41:42Z	2025-10-07T08:31:35Z	Ability to mute rooms per device rather than account wide 	https://api.github.com/repos/matrix-org/matrix-spec/issues/1723
1722	open	2024-02-02T15:34:00Z	2024-04-09T17:28:57Z	'Third-party Signed' object does not say who the `signatures` are supposed to be from or why they are there	https://api.github.com/repos/matrix-org/matrix-spec/issues/1722
1716	open	2024-01-22T21:15:28Z	2024-04-09T19:28:13Z	Suggestion: C-S API endpoint to test push notifications	https://api.github.com/repos/matrix-org/matrix-spec/issues/1716
1711	closed	2024-01-16T14:39:50Z	2026-03-02T11:18:44Z	Remove the navigation bar link to the FAQs	https://api.github.com/repos/matrix-org/matrix-spec/issues/1711
1710	closed	2024-01-16T12:07:26Z	2024-04-08T09:24:27Z	Re-clarify the auth rules around invite->knock transitions	https://api.github.com/repos/matrix-org/matrix-spec/issues/1710
1708	closed	2024-01-11T14:51:04Z	2024-06-11T17:02:48Z	Clarify that join events only need to be signed by resident servers if using `join_authorised_via_users_server`	https://api.github.com/repos/matrix-org/matrix-spec/issues/1708
1707	open	2024-01-09T16:03:19Z	2024-08-09T18:26:55Z	Spec incorrectly claims "EDUs do not have a room ID"	https://api.github.com/repos/matrix-org/matrix-spec/issues/1707
1706	closed	2024-01-09T15:59:56Z	2024-06-25T14:55:47Z	Spec gives bad advice on generating transaction IDs	https://api.github.com/repos/matrix-org/matrix-spec/issues/1706
1705	open	2024-01-08T07:13:07Z	2024-05-05T18:45:28Z	"Archive" of completed rooms such that when a new message is received the room is taken out of the archive	https://api.github.com/repos/matrix-org/matrix-spec/issues/1705
1703	open	2024-01-04T10:35:27Z	2024-01-04T10:48:09Z	Federated Invites: It appears that there is no way to retract an invite such that the invitee is made aware of it	https://api.github.com/repos/matrix-org/matrix-spec/issues/1703
1704	open	2024-01-04T08:56:00Z	2025-01-10T16:29:32Z	Proposal for curated room updates	https://api.github.com/repos/matrix-org/matrix-spec/issues/1704
1702	open	2024-01-03T15:54:48Z	2024-01-03T15:54:48Z	Ability to move messages to threads	https://api.github.com/repos/matrix-org/matrix-spec/issues/1702
1701	closed	2024-01-01T22:55:10Z	2024-01-15T12:15:38Z	Suggestion for mandatory message key recovery mechanism	https://api.github.com/repos/matrix-org/matrix-spec/issues/1701
1700	closed	2023-12-26T21:57:46Z	2025-06-09T16:32:25Z	Should we require disclosure of potential Conflict of Interest on MSCs?	https://api.github.com/repos/matrix-org/matrix-spec/issues/1700
1698	closed	2023-12-20T18:12:48Z	2024-04-09T17:50:33Z	Clarification on the /versions C-S Api endpoint and how the versioning works	https://api.github.com/repos/matrix-org/matrix-spec/issues/1698
1694	closed	2023-12-07T16:52:48Z	2023-12-07T18:34:56Z	Some of the event-schema yaml files dont actually are yaml	https://api.github.com/repos/matrix-org/matrix-spec/issues/1694
1693	open	2023-12-05T18:23:38Z	2023-12-05T18:41:48Z	Discussion: tooling for re/viewing, editing, and collaborating on MSCs	https://api.github.com/repos/matrix-org/matrix-spec/issues/1693
1692	open	2023-12-05T15:43:27Z	2023-12-05T18:42:50Z	`is_direct` field on `/createRoom` body does not automatically mark the room as a DM	https://api.github.com/repos/matrix-org/matrix-spec/issues/1692
1691	open	2023-12-05T12:21:59Z	2026-04-06T17:16:56Z	It's unclear what OpenID standard is actually meant by 'OpenID', if any at all	https://api.github.com/repos/matrix-org/matrix-spec/issues/1691
1688	open	2023-12-02T12:26:23Z	2023-12-02T12:27:35Z	Wanted: documentation regarding user-relevant cryptographic mechanisms	https://api.github.com/repos/matrix-org/matrix-spec/issues/1688
1686	open	2023-12-01T09:28:30Z	2024-08-09T18:21:32Z	Spec incorrectly claims that state events are *overwritten*	https://api.github.com/repos/matrix-org/matrix-spec/issues/1686
1684	closed	2023-11-30T17:04:23Z	2024-02-16T10:53:00Z	Batching receipts should be per room/thread, not just per room	https://api.github.com/repos/matrix-org/matrix-spec/issues/1684
1683	closed	2023-11-30T16:22:13Z	2023-12-11T13:01:01Z	Spec says you can't create a thread from a reply, but popular clients and servers say you can	https://api.github.com/repos/matrix-org/matrix-spec/issues/1683
1682	closed	2023-11-29T21:14:00Z	2024-09-27T12:00:01Z	Consider publishing a pre-made Markdown checklist alongside changelog	https://api.github.com/repos/matrix-org/matrix-spec/issues/1682
1681	closed	2023-11-29T17:23:49Z	2024-06-20T19:24:22Z	NPM publishing for emoji translations still broken	https://api.github.com/repos/matrix-org/matrix-spec/issues/1681
1679	open	2023-11-27T22:06:58Z	2025-09-11T23:04:05Z	MSC discussion: Custom emoji/stickers and interactions with authenticated & linked media	https://api.github.com/repos/matrix-org/matrix-spec/issues/1679
1678	closed	2023-11-24T15:07:51Z	2023-11-24T17:53:54Z	Media download endpoints do not describe a 404 response	https://api.github.com/repos/matrix-org/matrix-spec/issues/1678
1675	closed	2023-11-16T13:45:32Z	2024-04-18T10:45:04Z	Spec formats items with multiple types as an array	https://api.github.com/repos/matrix-org/matrix-spec/issues/1675
1674	closed	2023-11-14T03:34:10Z	2023-11-29T18:54:40Z	Matrix 1.9	https://api.github.com/repos/matrix-org/matrix-spec/issues/1674
1670	open	2023-11-06T22:53:25Z	2023-11-07T02:41:42Z	Look at Nix's RFC process and see if we can use it in our MSC process	https://api.github.com/repos/matrix-org/matrix-spec/issues/1670
1669	open	2023-11-06T18:09:21Z	2024-04-09T18:05:14Z	Comunicate next steps of an MSC better	https://api.github.com/repos/matrix-org/matrix-spec/issues/1669
1668	open	2023-11-06T18:00:29Z	2024-04-09T18:05:37Z	Some issues don't get timely feedback and feel like they are being ignored or not valued	https://api.github.com/repos/matrix-org/matrix-spec/issues/1668
1667	open	2023-11-05T09:29:22Z	2023-11-08T13:14:15Z	Stickers have incomplete / invalid documentation around encryption	https://api.github.com/repos/matrix-org/matrix-spec/issues/1667
1666	open	2023-10-30T19:42:45Z	2025-08-18T15:56:13Z	Document minimum HTTP versions for Federation and Client-Server API	https://api.github.com/repos/matrix-org/matrix-spec/issues/1666
1664	open	2023-10-19T15:11:49Z	2024-06-24T22:04:41Z	The `limited` flag in `Timeline`  in `/sync` response needs clarification 	https://api.github.com/repos/matrix-org/matrix-spec/issues/1664
1663	open	2023-10-16T16:40:36Z	2023-10-16T16:40:36Z	virtual/meta rooms	https://api.github.com/repos/matrix-org/matrix-spec/issues/1663
1662	closed	2023-10-13T19:25:06Z	2023-10-13T20:30:34Z	Corporate takeover - Allowing servers to join.	https://api.github.com/repos/matrix-org/matrix-spec/issues/1662
1659	open	2023-10-05T12:18:08Z	2024-01-24T08:43:21Z	Important/urgent to-device messages (eg room keys) can get blocked behind big queues of less important ones	https://api.github.com/repos/matrix-org/matrix-spec/issues/1659
1654	closed	2023-10-02T20:06:04Z	2024-09-30T14:14:00Z	Room-level required opt-in into "new" features	https://api.github.com/repos/matrix-org/matrix-spec/issues/1654
1653	open	2023-10-02T16:10:42Z	2024-06-26T13:30:09Z	Require proof implementations for MSCs to be open source	https://api.github.com/repos/matrix-org/matrix-spec/issues/1653
1651	open	2023-09-28T19:42:42Z	2023-10-14T01:57:56Z	Richer bot interactions	https://api.github.com/repos/matrix-org/matrix-spec/issues/1651
1649	closed	2023-09-26T18:19:21Z	2023-10-10T17:21:40Z	OpenAPI for server-server API is not published	https://api.github.com/repos/matrix-org/matrix-spec/issues/1649
1643	open	2023-09-21T21:42:56Z	2024-06-27T08:03:21Z	Spec incorrectly states that `lang` field in response to `/pushers` is required	https://api.github.com/repos/matrix-org/matrix-spec/issues/1643
1642	open	2023-09-21T17:46:48Z	2024-10-09T10:47:20Z	Authorization rules are confusing	https://api.github.com/repos/matrix-org/matrix-spec/issues/1642
1641	closed	2023-09-19T13:36:02Z	2023-09-19T15:51:05Z	`/context`, `/messages`, and `/sync` state	https://api.github.com/repos/matrix-org/matrix-spec/issues/1641
1640	open	2023-09-19T00:45:01Z	2024-09-10T13:25:23Z	`matrix` isn't an allowed scheme in message html	https://api.github.com/repos/matrix-org/matrix-spec/issues/1640
1632	closed	2023-09-12T09:43:52Z	2023-09-19T14:39:08Z	`m.room.name`'s `name` field is marked as required but is described as possibly absent	https://api.github.com/repos/matrix-org/matrix-spec/issues/1632
1631	closed	2023-09-08T22:42:27Z	2024-04-09T19:08:11Z	Is it legal to send `is_falling_back` when `rel_type` is missing/not a thread?	https://api.github.com/repos/matrix-org/matrix-spec/issues/1631
1630	open	2023-09-07T09:31:26Z	2024-04-10T05:59:27Z	`unsigned.redacted_because` field is required but optional	https://api.github.com/repos/matrix-org/matrix-spec/issues/1630
1628	closed	2023-08-22T19:24:26Z	2025-06-09T10:36:33Z	`npm i` doesn't work due to `Hugo installation failed.`	https://api.github.com/repos/matrix-org/matrix-spec/issues/1628
1626	closed	2023-08-22T01:31:02Z	2023-08-24T06:11:48Z	Spec doesn't mention handling of leap seconds	https://api.github.com/repos/matrix-org/matrix-spec/issues/1626
1625	closed	2023-08-20T15:27:06Z	2023-08-20T19:07:21Z	Adding support for subpaths	https://api.github.com/repos/matrix-org/matrix-spec/issues/1625
1622	open	2023-08-18T19:13:45Z	2023-08-18T19:14:06Z	Space-level display name and avatar changes	https://api.github.com/repos/matrix-org/matrix-spec/issues/1622
1619	closed	2023-08-18T08:19:59Z	2023-09-19T15:00:00Z	Server names are case sensitive in /publicRooms	https://api.github.com/repos/matrix-org/matrix-spec/issues/1619
1616	closed	2023-08-10T16:59:45Z	2023-08-10T17:02:50Z	Native matrix widgets specification	https://api.github.com/repos/matrix-org/matrix-spec/issues/1616
1614	closed	2023-08-08T21:08:18Z	2023-08-23T17:56:42Z	Matrix 1.8	https://api.github.com/repos/matrix-org/matrix-spec/issues/1614
1613	closed	2023-08-03T11:57:51Z	2023-08-14T12:05:11Z	Alter ACL behaviour to prevent abuse	https://api.github.com/repos/matrix-org/matrix-spec/issues/1613
1612	closed	2023-08-03T10:21:12Z	2025-03-05T09:43:28Z	Unstable spec should include the git commit hash somewhere on the page	https://api.github.com/repos/matrix-org/matrix-spec/issues/1612
1611	closed	2023-08-03T10:19:10Z	2026-01-13T17:58:36Z	Borked styling of `table.object-table` in unstable spec	https://api.github.com/repos/matrix-org/matrix-spec/issues/1611
1610	closed	2023-08-03T10:14:00Z	2024-03-05T16:29:01Z	`m.ignored_user_list` definition refers to undefined type `Ignored users`	https://api.github.com/repos/matrix-org/matrix-spec/issues/1610
1609	open	2023-08-01T17:27:09Z	2023-08-02T09:26:54Z	set_presence wording is unclear	https://api.github.com/repos/matrix-org/matrix-spec/issues/1609
1608	open	2023-07-31T16:40:58Z	2023-10-25T07:05:27Z	The reason of redactions is in clear-text even for E2EE messages	https://api.github.com/repos/matrix-org/matrix-spec/issues/1608
1607	open	2023-07-31T14:43:53Z	2023-07-31T14:54:14Z	Bridging P2P and Normal Matrix without creating point of failure 	https://api.github.com/repos/matrix-org/matrix-spec/issues/1607
1606	closed	2023-07-30T22:44:32Z	2023-07-31T06:13:33Z	No clear way to delete your avatar/profile picture	https://api.github.com/repos/matrix-org/matrix-spec/issues/1606
1605	closed	2023-07-30T02:27:16Z	2023-07-31T12:06:11Z	login with key	https://api.github.com/repos/matrix-org/matrix-spec/issues/1605
1603	open	2023-07-26T13:41:03Z	2023-07-26T13:41:03Z	Document room-specific push rules	https://api.github.com/repos/matrix-org/matrix-spec/issues/1603
1595	closed	2023-07-06T15:47:44Z	2023-09-27T12:42:16Z	Documentation of push rules repeats the formats of `PushRule` and `PushCondition`	https://api.github.com/repos/matrix-org/matrix-spec/issues/1595
1594	open	2023-07-03T17:23:43Z	2023-07-03T17:23:43Z	Unsuccessful response format of `/keys/signatures/upload` is poorly specified	https://api.github.com/repos/matrix-org/matrix-spec/issues/1594
1592	open	2023-06-29T09:08:36Z	2023-08-22T04:44:40Z	The spec doesn't define peeking	https://api.github.com/repos/matrix-org/matrix-spec/issues/1592
1589	closed	2023-06-27T18:42:06Z	2023-06-27T20:17:23Z	 /_matrix/identity/v2/account/register  Specification error: Example invalid or not present	https://api.github.com/repos/matrix-org/matrix-spec/issues/1589
1586	closed	2023-06-27T02:34:18Z	2023-07-04T12:43:21Z	The spec doesn't build in Hugo v0.114.1	https://api.github.com/repos/matrix-org/matrix-spec/issues/1586
1581	open	2023-06-19T23:04:20Z	2023-06-19T23:04:25Z	ABNF blocks clearly inherit from each other, but we don't say that they do	https://api.github.com/repos/matrix-org/matrix-spec/issues/1581
1580	open	2023-06-19T23:03:18Z	2023-06-19T23:10:08Z	ABNF variables are inconsistent	https://api.github.com/repos/matrix-org/matrix-spec/issues/1580
1577	open	2023-06-16T01:27:47Z	2023-08-04T19:54:03Z	Move federation traffic from port 8448 to 443 as a default	https://api.github.com/repos/matrix-org/matrix-spec/issues/1577
1575	closed	2023-06-16T01:23:18Z	2023-06-22T02:41:06Z	Update .well-known IANA registration 	https://api.github.com/repos/matrix-org/matrix-spec/issues/1575
1574	open	2023-06-14T22:42:17Z	2023-06-16T16:48:54Z	No explanation for why notary key endpoints return arrays	https://api.github.com/repos/matrix-org/matrix-spec/issues/1574
1572	closed	2023-06-14T11:20:34Z	2023-06-21T13:51:52Z	PR #1423 broke the display  of the Server-Server API "Knocking Rooms" header	https://api.github.com/repos/matrix-org/matrix-spec/issues/1572
1571	closed	2023-06-14T11:08:04Z	2024-05-14T08:35:43Z	Spec uses the term "recovery key" in a way that nobody else does	https://api.github.com/repos/matrix-org/matrix-spec/issues/1571
1570	open	2023-06-14T03:31:58Z	2023-06-14T06:41:35Z	Server-server authentication doesn't specify what happens when auth fails	https://api.github.com/repos/matrix-org/matrix-spec/issues/1570
1569	closed	2023-06-14T03:10:51Z	2024-06-11T15:59:30Z	Update RFC references in s2s authorization	https://api.github.com/repos/matrix-org/matrix-spec/issues/1569
1568	closed	2023-06-13T23:31:47Z	2023-08-10T09:19:55Z	Server name resolution talks about a default port in Step 4, during SRV record resolution	https://api.github.com/repos/matrix-org/matrix-spec/issues/1568
1567	closed	2023-06-13T23:25:39Z	2023-08-19T21:43:01Z	Server name resolution uses bullets instead of numbers for Step 3	https://api.github.com/repos/matrix-org/matrix-spec/issues/1567
1566	closed	2023-06-13T20:47:34Z	2023-07-04T12:59:39Z	Canonical JSON: `0` vs `-0`	https://api.github.com/repos/matrix-org/matrix-spec/issues/1566
1565	open	2023-06-12T20:54:22Z	2023-06-12T20:54:30Z	Server discovery step 3 is incredibly long	https://api.github.com/repos/matrix-org/matrix-spec/issues/1565
1557	open	2023-06-07T21:10:22Z	2026-03-19T23:24:41Z	Olm/Megolm V2	https://api.github.com/repos/matrix-org/matrix-spec/issues/1557
1555	closed	2023-06-06T18:43:06Z	2023-06-08T08:27:04Z	Megolm specification link is a 404	https://api.github.com/repos/matrix-org/matrix-spec/issues/1555
1554	closed	2023-06-06T13:47:00Z	2024-06-14T14:44:03Z	Invalid documentation of required authentication for a MSC2246 endpoint	https://api.github.com/repos/matrix-org/matrix-spec/issues/1554
1553	closed	2023-06-01T17:00:19Z	2023-07-04T22:54:57Z	MAC calculation description is unclear	https://api.github.com/repos/matrix-org/matrix-spec/issues/1553
1548	closed	2023-05-26T08:46:44Z	2024-07-10T16:13:39Z	Missing references to `m.set_displayname`, `m.set_avatar_url` and `m.3pid_changes` in `Capabilities` table	https://api.github.com/repos/matrix-org/matrix-spec/issues/1548
1547	closed	2023-05-26T08:38:41Z	2024-07-19T10:13:11Z	`m.get_login_token` capability is not documented	https://api.github.com/repos/matrix-org/matrix-spec/issues/1547
1545	closed	2023-05-25T17:05:56Z	2023-05-25T17:23:54Z	I was surprised that /join does not return the event ID of my join event	https://api.github.com/repos/matrix-org/matrix-spec/issues/1545
1544	closed	2023-05-25T16:09:48Z	2023-06-27T21:24:24Z	Table of contents disappears on modern hugo versions	https://api.github.com/repos/matrix-org/matrix-spec/issues/1544
1543	closed	2023-05-25T14:56:02Z	2026-07-13T23:30:47Z	Olm and Megolm should be specced in the actual spec	https://api.github.com/repos/matrix-org/matrix-spec/issues/1543
1539	open	2023-05-24T13:44:54Z	2023-05-24T14:52:26Z	Clarify differences between `/devices` and `/keys/query`	https://api.github.com/repos/matrix-org/matrix-spec/issues/1539
1537	closed	2023-05-23T22:22:35Z	2023-05-25T17:21:30Z	Matrix 1.7	https://api.github.com/repos/matrix-org/matrix-spec/issues/1537
1532	closed	2023-05-23T02:48:03Z	2024-03-29T12:00:30Z	How to communicate per-user experimental features to clients?	https://api.github.com/repos/matrix-org/matrix-spec/issues/1532
1528	open	2023-05-16T17:28:23Z	2023-05-16T17:28:23Z	Application Service API does not specify a `401` for missing or invalid access tokens for HS->AS requests	https://api.github.com/repos/matrix-org/matrix-spec/issues/1528
1527	open	2023-05-16T17:17:47Z	2023-05-16T17:28:44Z	The Application Service API specifies that missing or invalid `hs_token`s should result in a 403, but some endpoints spec 401	https://api.github.com/repos/matrix-org/matrix-spec/issues/1527
1524	open	2023-05-16T10:16:22Z	2024-06-26T11:05:15Z	`unsigned` should be stripped of disallowed keys when received over S2S	https://api.github.com/repos/matrix-org/matrix-spec/issues/1524
1523	closed	2023-05-15T05:14:22Z	2023-05-15T06:16:11Z	Adopt Semantic Versioning	https://api.github.com/repos/matrix-org/matrix-spec/issues/1523
1522	open	2023-05-15T05:10:39Z	2023-05-15T10:50:16Z	RESTful renaming and restructuring	https://api.github.com/repos/matrix-org/matrix-spec/issues/1522
1520	open	2023-05-12T05:14:16Z	2023-05-12T12:53:25Z	How should clients order a timeline composed of events from multiple rooms?	https://api.github.com/repos/matrix-org/matrix-spec/issues/1520
1519	closed	2023-05-11T09:53:48Z	2026-02-23T17:35:39Z	remove v1 send_join	https://api.github.com/repos/matrix-org/matrix-spec/issues/1519
1515	closed	2023-05-08T21:31:44Z	2026-02-24T16:35:57Z	S2S v1 send_join: `event` response property not documented	https://api.github.com/repos/matrix-org/matrix-spec/issues/1515
1514	closed	2023-05-08T21:24:39Z	2026-02-24T16:35:57Z	S2S v1/send_join: What is the integer in the response?	https://api.github.com/repos/matrix-org/matrix-spec/issues/1514
1513	open	2023-05-07T18:30:12Z	2023-05-07T18:30:12Z	S2S get_missing_events: does the walk terminate at `earliest_events`?	https://api.github.com/repos/matrix-org/matrix-spec/issues/1513
1512	open	2023-05-07T17:39:35Z	2023-05-07T17:39:35Z	What is the correct linearization for S2S `/backfill`?	https://api.github.com/repos/matrix-org/matrix-spec/issues/1512
1505	closed	2023-04-29T20:31:16Z	2023-05-02T11:56:28Z	Naming consistency in the type names.	https://api.github.com/repos/matrix-org/matrix-spec/issues/1505
1504	closed	2023-04-28T09:22:09Z	2023-04-28T09:49:03Z	Room tags request body `order` nullability	https://api.github.com/repos/matrix-org/matrix-spec/issues/1504
1503	closed	2023-04-27T09:17:13Z	2023-04-27T12:15:26Z	Clarify the order of messages for "read up to" receipts	https://api.github.com/repos/matrix-org/matrix-spec/issues/1503
1502	open	2023-04-27T08:41:47Z	2023-05-06T14:25:20Z	"Identity service" is a confusing name	https://api.github.com/repos/matrix-org/matrix-spec/issues/1502
1498	closed	2023-04-24T16:08:59Z	2023-04-25T23:57:39Z	Permit structural table attributes	https://api.github.com/repos/matrix-org/matrix-spec/issues/1498
1497	open	2023-04-19T13:59:09Z	2023-04-19T14:06:45Z	The order of events in v2 sync `state` blocks is unspecified	https://api.github.com/repos/matrix-org/matrix-spec/issues/1497
1496	open	2023-04-18T22:41:59Z	2023-04-18T22:44:30Z	Partial media download, compression	https://api.github.com/repos/matrix-org/matrix-spec/issues/1496
1494	closed	2023-04-18T12:00:20Z	2023-05-16T14:21:48Z	Usage of filters needs clarification	https://api.github.com/repos/matrix-org/matrix-spec/issues/1494
1492	closed	2023-04-14T14:42:03Z	2024-03-03T00:11:07Z	Deprecated strike tag in custom html	https://api.github.com/repos/matrix-org/matrix-spec/issues/1492
1491	closed	2023-04-12T23:29:03Z	2023-05-23T19:40:33Z	`m.room.join_rules` schema doesn't mention `knock_restricted`	https://api.github.com/repos/matrix-org/matrix-spec/issues/1491
1490	closed	2023-04-10T12:03:25Z	2023-04-11T12:26:39Z	Reporting a vulnerability	https://api.github.com/repos/matrix-org/matrix-spec/issues/1490
1489	closed	2023-04-06T20:47:47Z	2023-05-24T10:14:43Z	Reference hash calculation references `age_ts`, which is no longer present on events	https://api.github.com/repos/matrix-org/matrix-spec/issues/1489
1482	open	2023-04-04T19:56:28Z	2023-04-04T19:56:28Z	Auth rule 1.3 doesn't permit the server to not know about room version 1	https://api.github.com/repos/matrix-org/matrix-spec/issues/1482
1481	open	2023-04-04T07:56:24Z	2023-04-04T07:56:24Z	Message search should be available for guests	https://api.github.com/repos/matrix-org/matrix-spec/issues/1481
1480	closed	2023-04-04T00:22:37Z	2024-08-12T11:01:55Z	Event format example has extra field `origin` in it	https://api.github.com/repos/matrix-org/matrix-spec/issues/1480
1477	open	2023-03-29T19:12:45Z	2023-03-29T19:17:26Z	`join_authorised_via_users_server` user must be joined to the room	https://api.github.com/repos/matrix-org/matrix-spec/issues/1477
1472	open	2023-03-23T17:18:09Z	2023-03-23T17:18:09Z	Appservice registration section includes an unhelpful auto-generated example	https://api.github.com/repos/matrix-org/matrix-spec/issues/1472
1471	closed	2023-03-21T23:56:57Z	2026-04-21T20:24:41Z	If a server specifies multiple active verify keys, which one(s) are required to sign an object?	https://api.github.com/repos/matrix-org/matrix-spec/issues/1471
1470	open	2023-03-21T10:07:17Z	2023-03-21T15:02:31Z	Spec mentions the "event stream" in a few places, which isn't clearly defined.	https://api.github.com/repos/matrix-org/matrix-spec/issues/1470
1469	open	2023-03-21T09:44:30Z	2023-03-21T14:59:49Z	Appservice API /_matrix/app/v1/transactions/ should specify maximum transaction sizes	https://api.github.com/repos/matrix-org/matrix-spec/issues/1469
1467	open	2023-03-15T02:55:25Z	2025-10-23T19:50:47Z	Space rooms silently dropped over federation due to outdated via values.	https://api.github.com/repos/matrix-org/matrix-spec/issues/1467
1459	closed	2023-03-02T09:20:58Z	2023-03-02T22:54:45Z	Add reporting functionality	https://api.github.com/repos/matrix-org/matrix-spec/issues/1459
1458	open	2023-03-01T17:04:30Z	2025-02-17T11:58:35Z	When a room is left and forgotten quickly, other devices aren't told about the leave in incremental sync	https://api.github.com/repos/matrix-org/matrix-spec/issues/1458
1453	closed	2023-02-25T03:48:19Z	2023-02-25T05:02:47Z	Time-sensitive room setting	https://api.github.com/repos/matrix-org/matrix-spec/issues/1453
1452	open	2023-02-23T22:51:46Z	2023-02-27T22:38:40Z	Add support to edit a relation onto an existing event	https://api.github.com/repos/matrix-org/matrix-spec/issues/1452
1451	closed	2023-02-23T15:52:12Z	2025-10-08T15:57:57Z	`/key/v2/query` responses do not say that `server_keys` is a list	https://api.github.com/repos/matrix-org/matrix-spec/issues/1451
1450	open	2023-02-23T14:46:34Z	2023-02-23T16:17:36Z	`key/v2/server` response contains absolute timestamps, which are vulnerable to clock drift	https://api.github.com/repos/matrix-org/matrix-spec/issues/1450
1448	open	2023-02-23T02:04:14Z	2023-02-23T16:17:36Z	`key/v2/server` example response isn't signed by any of the example verify_keys	https://api.github.com/repos/matrix-org/matrix-spec/issues/1448
1438	open	2023-02-16T09:18:44Z	2023-02-16T16:58:20Z	Allow Input Tags in order to support Checkboxes	https://api.github.com/repos/matrix-org/matrix-spec/issues/1438
1437	closed	2023-02-15T14:22:19Z	2024-06-12T01:38:35Z	Missing modules in Feature Profiles	https://api.github.com/repos/matrix-org/matrix-spec/issues/1437
1436	open	2023-02-15T14:21:35Z	2023-03-01T17:04:19Z	Spec URL fragment enumeration has a chance to bitrot when sections are shuffled/added/removed	https://api.github.com/repos/matrix-org/matrix-spec/issues/1436
1435	closed	2023-02-15T04:52:51Z	2023-02-22T11:35:38Z	extraneous "weight: 340"	https://api.github.com/repos/matrix-org/matrix-spec/issues/1435
1434	open	2023-02-14T18:17:19Z	2023-02-14T18:17:19Z	`push_rules` vs `pushrules`	https://api.github.com/repos/matrix-org/matrix-spec/issues/1434
1430	closed	2023-02-11T00:38:28Z	2023-05-23T18:28:48Z	ASCII art on room aliases on front of spec is misaligned	https://api.github.com/repos/matrix-org/matrix-spec/issues/1430
1429	open	2023-02-10T17:03:07Z	2024-04-17T23:17:44Z	Ability to restrict users to only replying in threads	https://api.github.com/repos/matrix-org/matrix-spec/issues/1429
1428	closed	2023-02-08T22:49:26Z	2023-02-17T22:27:27Z	Remove authentication requirement for GET /_matrix/media/v3/config	https://api.github.com/repos/matrix-org/matrix-spec/issues/1428
1427	closed	2023-02-08T17:10:34Z	2023-02-14T20:43:56Z	Matrix 1.6	https://api.github.com/repos/matrix-org/matrix-spec/issues/1427
1426	open	2023-02-01T16:09:42Z	2023-03-21T18:35:03Z	Spec asks homeservers to error on `/account/3pid/add` and in certain cases but does not specify an appropriate status code/errcode for the response	https://api.github.com/repos/matrix-org/matrix-spec/issues/1426
1420	open	2023-01-31T10:49:47Z	2023-02-21T18:33:18Z	Tombstone notifications in predecessor rooms are not cleared when joining the new room	https://api.github.com/repos/matrix-org/matrix-spec/issues/1420
1419	closed	2023-01-30T11:40:20Z	2023-01-30T11:50:18Z	Power level in the room	https://api.github.com/repos/matrix-org/matrix-spec/issues/1419
1418	open	2023-01-29T19:43:15Z	2023-01-29T21:32:05Z	Unclear behaviour for /members when a user has left the room and specifies a pagination token	https://api.github.com/repos/matrix-org/matrix-spec/issues/1418
1416	closed	2023-01-26T17:16:39Z	2023-02-11T12:15:22Z	It's not explicitly clear that Devices and (Live) Sync Tokens are meant to exist on a 1-to-1 basis 	https://api.github.com/repos/matrix-org/matrix-spec/issues/1416
1414	closed	2023-01-25T13:15:46Z	2023-01-25T17:30:09Z	Missing `type` parameter on `/thumbnail` endpoint	https://api.github.com/repos/matrix-org/matrix-spec/issues/1414
1413	closed	2023-01-25T09:40:40Z	2023-02-19T07:34:15Z	Extend msgtype m.text properties for presentation style microblogging	https://api.github.com/repos/matrix-org/matrix-spec/issues/1413
1411	closed	2023-01-24T13:19:10Z	2023-02-01T11:48:01Z	Lazy Events	https://api.github.com/repos/matrix-org/matrix-spec/issues/1411
1410	open	2023-01-24T13:00:08Z	2023-08-04T13:30:38Z	Clarifying implicit read receipts / read receipts for sent messages	https://api.github.com/repos/matrix-org/matrix-spec/issues/1410
1408	closed	2023-01-18T21:40:52Z	2023-01-31T20:00:28Z	Room version grammar is inconsistent	https://api.github.com/repos/matrix-org/matrix-spec/issues/1408
1407	closed	2023-01-18T20:58:01Z	2023-01-31T19:59:42Z	"Knocking upon a room" has a weird anchor	https://api.github.com/repos/matrix-org/matrix-spec/issues/1407
1406	closed	2023-01-18T11:33:13Z	2023-02-10T12:04:26Z	`.m.rule.tombstone` and `.m.rule.room.server_acl` pushrules are in the wrong order	https://api.github.com/repos/matrix-org/matrix-spec/issues/1406
1405	closed	2023-01-17T16:53:51Z	2023-03-21T18:27:26Z	Aggregations are confusing	https://api.github.com/repos/matrix-org/matrix-spec/issues/1405
1404	open	2023-01-17T11:59:36Z	2023-01-17T11:59:36Z	The spec should clarify whether push rules for a user should be executed against their own events	https://api.github.com/repos/matrix-org/matrix-spec/issues/1404
1403	closed	2023-01-16T19:21:11Z	2023-06-28T14:12:16Z	please delete	https://api.github.com/repos/matrix-org/matrix-spec/issues/1403
1402	closed	2023-01-13T11:02:14Z	2023-01-13T16:21:41Z	Spec does not describe what the visibility conditions for a space or room in `/hierarchy` are	https://api.github.com/repos/matrix-org/matrix-spec/issues/1402
1401	closed	2023-01-12T19:56:14Z	2023-03-14T14:57:54Z	Spec doesn't describe how push rules are to be processed in E2E rooms client side	https://api.github.com/repos/matrix-org/matrix-spec/issues/1401
1400	open	2023-01-11T20:33:39Z	2023-01-11T23:42:13Z	More than one account should be able to use the same telephone number.	https://api.github.com/repos/matrix-org/matrix-spec/issues/1400
1399	closed	2023-01-09T16:32:46Z	2023-05-15T17:35:43Z	Allow disabling room mentions (@room pings)	https://api.github.com/repos/matrix-org/matrix-spec/issues/1399
1396	open	2023-01-07T08:55:12Z	2023-02-21T11:28:10Z	Matrix variables to render by client	https://api.github.com/repos/matrix-org/matrix-spec/issues/1396
1395	open	2023-01-06T12:33:05Z	2023-01-07T15:07:35Z	Extend supported HTML table elements and attributes for formatted_body	https://api.github.com/repos/matrix-org/matrix-spec/issues/1395
1394	open	2023-01-04T11:31:47Z	2023-02-21T18:13:04Z	/send/toDevice should support TTL.	https://api.github.com/repos/matrix-org/matrix-spec/issues/1394
1390	closed	2023-01-02T11:12:03Z	2023-01-25T09:50:43Z	Extend msgtype m.text properties to control the stats block	https://api.github.com/repos/matrix-org/matrix-spec/issues/1390
1391	closed	2023-01-02T11:02:21Z	2023-01-25T09:46:08Z	Extend msgtype m.text properties to control the replies block	https://api.github.com/repos/matrix-org/matrix-spec/issues/1391
1388	closed	2023-01-02T10:12:32Z	2023-01-22T11:39:06Z	Extend msgtype m.text properties to control the notifications	https://api.github.com/repos/matrix-org/matrix-spec/issues/1388
1389	closed	2023-01-02T09:59:58Z	2023-01-03T16:25:32Z	Extend msgtype m.text properties to control the URL preview	https://api.github.com/repos/matrix-org/matrix-spec/issues/1389
1392	open	2023-01-02T09:27:03Z	2023-01-04T07:56:32Z	Room-level default Sender Display property	https://api.github.com/repos/matrix-org/matrix-spec/issues/1392
1387	closed	2022-12-23T15:01:35Z	2026-02-24T10:46:26Z	Add topic feature	https://api.github.com/repos/matrix-org/matrix-spec/issues/1387
1386	open	2022-12-22T10:41:20Z	2024-08-07T12:07:30Z	Clarify wording of users to include in the user directory search	https://api.github.com/repos/matrix-org/matrix-spec/issues/1386
1385	open	2022-12-21T15:23:16Z	2022-12-21T15:23:16Z	Room suggestions	https://api.github.com/repos/matrix-org/matrix-spec/issues/1385
1380	closed	2022-12-14T18:24:30Z	2023-01-15T04:47:59Z	webmention in matrix	https://api.github.com/repos/matrix-org/matrix-spec/issues/1380
1379	closed	2022-12-14T18:04:24Z	2022-12-17T21:06:10Z	matrix with open badge and/or ntf?	https://api.github.com/repos/matrix-org/matrix-spec/issues/1379
1378	closed	2022-12-14T16:27:07Z	2023-01-15T04:15:51Z	matrix with orbit-db?	https://api.github.com/repos/matrix-org/matrix-spec/issues/1378
1377	open	2022-12-14T13:34:30Z	2025-10-08T06:28:03Z	Listing rooms API doesn't make it clear it's only listing published rooms	https://api.github.com/repos/matrix-org/matrix-spec/issues/1377
1375	open	2022-12-12T10:55:22Z	2025-10-14T12:11:46Z	room directory does not make it clear how to find a resident server	https://api.github.com/repos/matrix-org/matrix-spec/issues/1375
1374	open	2022-12-10T10:09:48Z	2022-12-10T10:09:48Z	It is not clear if presence should be front-loaded during initial sync	https://api.github.com/repos/matrix-org/matrix-spec/issues/1374
1373	open	2022-12-08T18:43:10Z	2024-02-27T12:53:13Z	What is the state after a rejected state event?	https://api.github.com/repos/matrix-org/matrix-spec/issues/1373
1372	closed	2022-12-06T21:44:16Z	2023-08-22T18:09:42Z	Emoji SAS translations broken since the split into `-spec` and `-proposals`	https://api.github.com/repos/matrix-org/matrix-spec/issues/1372
1369	open	2022-11-30T23:46:52Z	2022-11-30T23:46:52Z	Bug fix PRs to tooling don't have a sensible/obvious changelog entry type	https://api.github.com/repos/matrix-org/matrix-spec/issues/1369
1367	open	2022-11-30T23:41:34Z	2023-05-03T09:18:47Z	Proposals script doesn't cause build failure	https://api.github.com/repos/matrix-org/matrix-spec/issues/1367
1365	open	2022-11-29T10:10:25Z	2022-11-29T10:10:25Z	Allow server-side enforcement of `event_id_only`	https://api.github.com/repos/matrix-org/matrix-spec/issues/1365
1364	open	2022-11-28T17:30:07Z	2022-11-29T13:13:04Z	Extending homeserver functionality with WASM	https://api.github.com/repos/matrix-org/matrix-spec/issues/1364
1362	open	2022-11-25T18:19:47Z	2022-11-30T13:46:09Z	We need better information about one-time keys.	https://api.github.com/repos/matrix-org/matrix-spec/issues/1362
1361	closed	2022-11-25T17:45:36Z	2023-04-05T15:00:56Z	Format of response to `POST /_matrix/identity/v2/store-invite` is unclear	https://api.github.com/repos/matrix-org/matrix-spec/issues/1361
1360	open	2022-11-25T17:12:47Z	2025-04-16T10:50:44Z	Email invite flow uses unspecced `org.matrix.web_client_location` parameter	https://api.github.com/repos/matrix-org/matrix-spec/issues/1360
1359	open	2022-11-25T16:21:31Z	2025-04-17T07:47:41Z	Email invite flow is under-specified	https://api.github.com/repos/matrix-org/matrix-spec/issues/1359
1358	closed	2022-11-23T14:49:33Z	2023-02-22T22:27:25Z	/createRoom styling is borked	https://api.github.com/repos/matrix-org/matrix-spec/issues/1358
1356	open	2022-11-22T20:11:12Z	2022-11-22T20:11:12Z	Fix deprecation warnings in CI	https://api.github.com/repos/matrix-org/matrix-spec/issues/1356
1354	open	2022-11-21T12:04:13Z	2022-11-22T20:11:51Z	Homeserver signing key grammar is not clear	https://api.github.com/repos/matrix-org/matrix-spec/issues/1354
1352	closed	2022-11-17T18:32:56Z	2023-03-02T16:58:07Z	Borked styling of list items under /register definition	https://api.github.com/repos/matrix-org/matrix-spec/issues/1352
1343	closed	2022-11-15T19:44:06Z	2023-09-27T12:42:16Z	The 'Content' section of `m.receipt` is empty	https://api.github.com/repos/matrix-org/matrix-spec/issues/1343
1337	closed	2022-11-14T18:14:09Z	2022-11-17T16:01:41Z	Matrix 1.5	https://api.github.com/repos/matrix-org/matrix-spec/issues/1337
1336	closed	2022-11-14T18:10:05Z	2022-11-16T13:20:08Z	CI currently failing with broken links	https://api.github.com/repos/matrix-org/matrix-spec/issues/1336
1334	open	2022-11-14T14:54:59Z	2024-08-05T21:28:09Z	CS API refers to undefined terms `stream ordering` and `topological ordering`	https://api.github.com/repos/matrix-org/matrix-spec/issues/1334
1332	open	2022-11-09T18:51:02Z	2022-11-14T16:29:07Z	Clarify the Historical User IDs grammar to include empty localparts	https://api.github.com/repos/matrix-org/matrix-spec/issues/1332
1327	open	2022-11-07T23:26:42Z	2022-11-08T09:57:49Z	Users registered by an appservice should not have server-default notifications enabled.	https://api.github.com/repos/matrix-org/matrix-spec/issues/1327
1326	open	2022-11-06T13:35:35Z	2022-11-08T09:58:25Z	Hidden/private read-receipts must be remembered by server which mustn't send them even from legacy clients unless configured otherwise	https://api.github.com/repos/matrix-org/matrix-spec/issues/1326
1325	open	2022-11-05T10:38:01Z	2022-11-05T10:38:01Z	It's not clear if creation of a room constitutes as a "change" for room summary fields	https://api.github.com/repos/matrix-org/matrix-spec/issues/1325
1324	closed	2022-11-04T14:02:14Z	2022-11-04T15:26:58Z	Ambiguity and possibly missing server behaviour in room upgrades	https://api.github.com/repos/matrix-org/matrix-spec/issues/1324
1322	closed	2022-11-03T13:58:09Z	2023-04-06T08:57:15Z	Remove group ID sigil from appendices	https://api.github.com/repos/matrix-org/matrix-spec/issues/1322
1316	closed	2022-11-02T17:13:48Z	2023-04-12T09:40:54Z	Clients have no way to reliably send messages in order (other than serialising each and every send)	https://api.github.com/repos/matrix-org/matrix-spec/issues/1316
1315	open	2022-11-02T14:29:41Z	2022-11-02T15:32:42Z	The spec is not clear about who presence events should be sent to	https://api.github.com/repos/matrix-org/matrix-spec/issues/1315
1314	open	2022-11-02T09:10:31Z	2022-11-02T09:10:31Z	StateFilter claims that you can apply a `limit` to state events. This is not true.	https://api.github.com/repos/matrix-org/matrix-spec/issues/1314
1312	open	2022-10-31T19:24:34Z	2024-06-24T22:42:16Z	Unclear what filtering with empty arrays does	https://api.github.com/repos/matrix-org/matrix-spec/issues/1312
1313	closed	2022-10-31T13:39:26Z	2022-11-17T14:21:57Z	Clarifiy spec on Key verification framework in room	https://api.github.com/repos/matrix-org/matrix-spec/issues/1313
1311	open	2022-10-28T16:19:35Z	2022-10-28T16:35:52Z	Including `"signatures"` into event size calculations can become problematic	https://api.github.com/repos/matrix-org/matrix-spec/issues/1311
1309	open	2022-10-28T00:35:50Z	2022-10-28T11:40:41Z	What does "part of a space" mean in terms of the space hierarchy?	https://api.github.com/repos/matrix-org/matrix-spec/issues/1309
1304	open	2022-10-25T17:28:06Z	2023-05-16T14:13:38Z	Clarify that filters can be changed between requests	https://api.github.com/repos/matrix-org/matrix-spec/issues/1304
1302	closed	2022-10-25T12:32:30Z	2026-06-18T20:14:21Z	`/members` query parameter `at` unclear	https://api.github.com/repos/matrix-org/matrix-spec/issues/1302
1301	open	2022-10-24T22:29:06Z	2022-10-25T14:37:19Z	State event PATCH	https://api.github.com/repos/matrix-org/matrix-spec/issues/1301
1300	open	2022-10-21T17:38:24Z	2023-03-21T18:35:04Z	S-S API does not define `User Devices` struct.	https://api.github.com/repos/matrix-org/matrix-spec/issues/1300
1299	closed	2022-10-21T14:58:31Z	2023-03-21T15:59:25Z	Inconsistency for edits to encrypted events	https://api.github.com/repos/matrix-org/matrix-spec/issues/1299
1296	closed	2022-10-19T19:44:41Z	2022-11-17T00:07:06Z	Update feature profiles table	https://api.github.com/repos/matrix-org/matrix-spec/issues/1296
1292	closed	2022-10-18T15:50:15Z	2023-03-09T10:04:05Z	"Inter" font has display issues on macOS	https://api.github.com/repos/matrix-org/matrix-spec/issues/1292
1290	open	2022-10-16T06:53:12Z	2023-01-30T15:56:06Z	Wildcard bans and ban exceptions	https://api.github.com/repos/matrix-org/matrix-spec/issues/1290
1288	open	2022-10-13T23:22:52Z	2023-03-21T18:35:05Z	Inconsistent `visibility` field in `/directory/list` between CS and AS APIs	https://api.github.com/repos/matrix-org/matrix-spec/issues/1288
1287	open	2022-10-13T22:01:30Z	2024-02-28T18:29:06Z	`OneTimeKeys` is not defined by the CS API spec	https://api.github.com/repos/matrix-org/matrix-spec/issues/1287
1285	open	2022-10-13T12:01:46Z	2022-10-13T23:03:25Z	Define the semantics for state events sent in a thread	https://api.github.com/repos/matrix-org/matrix-spec/issues/1285
1282	open	2022-10-12T15:29:31Z	2022-10-13T23:04:38Z	Pushrules are formatted in a confusing manner because of all the variants	https://api.github.com/repos/matrix-org/matrix-spec/issues/1282
1281	open	2022-10-12T04:31:29Z	2022-10-13T23:04:29Z	Include guidelines how to backfill with `/messages` and `/context`	https://api.github.com/repos/matrix-org/matrix-spec/issues/1281
1280	open	2022-10-11T23:31:40Z	2022-10-13T23:04:05Z	Pagination tokens should work between `/messages` and `/context`	https://api.github.com/repos/matrix-org/matrix-spec/issues/1280
1279	open	2022-10-11T21:46:35Z	2022-10-13T23:03:53Z	Spec timeout threshold values for presence	https://api.github.com/repos/matrix-org/matrix-spec/issues/1279
1291	open	2022-10-10T10:26:09Z	2023-07-29T22:23:55Z	Cannot redact messages sent before a room was upgraded	https://api.github.com/repos/matrix-org/matrix-spec/issues/1291
1277	open	2022-10-07T20:33:49Z	2026-07-30T16:29:22Z	Anonymous homeservers (Tor/I2P support): Modifying the federation system	https://api.github.com/repos/matrix-org/matrix-spec/issues/1277
1275	closed	2022-10-06T09:50:12Z	2022-11-17T14:21:56Z	E2EE clarifications in the aftermath of the 2022-09-28 disclosure	https://api.github.com/repos/matrix-org/matrix-spec/issues/1275
1274	open	2022-10-05T21:11:16Z	2022-11-18T17:33:33Z	How does an exclusive namespace of room IDs even work?	https://api.github.com/repos/matrix-org/matrix-spec/issues/1274
1272	closed	2022-10-04T22:40:19Z	2022-10-24T18:54:42Z	Matching remote users against the application service user namespace regex is a footgun	https://api.github.com/repos/matrix-org/matrix-spec/issues/1272
1267	open	2022-10-04T15:16:47Z	2022-10-04T15:33:51Z	Unexpected powerlevels interactions	https://api.github.com/repos/matrix-org/matrix-spec/issues/1267
1264	closed	2022-10-02T19:25:04Z	2022-10-03T20:57:22Z	Clients should clearly state which version of the spec they support (e.g. 1.2 vs 1.3)	https://api.github.com/repos/matrix-org/matrix-spec/issues/1264
1262	closed	2022-10-01T17:33:25Z	2022-10-04T08:42:17Z	Info about aggregations not being required is outdated	https://api.github.com/repos/matrix-org/matrix-spec/issues/1262
1259	open	2022-09-30T15:36:38Z	2023-05-03T17:47:08Z	Lack of clarity about device-list updates	https://api.github.com/repos/matrix-org/matrix-spec/issues/1259
1256	closed	2022-09-27T06:01:27Z	2022-09-29T13:45:28Z	Matrix 1.4	https://api.github.com/repos/matrix-org/matrix-spec/issues/1256
1253	closed	2022-09-26T22:41:33Z	2022-11-14T15:35:25Z	Define "topological ordering" and link to it	https://api.github.com/repos/matrix-org/matrix-spec/issues/1253
1252	open	2022-09-25T23:38:45Z	2022-09-25T23:40:47Z	TURN servers can't specify different credentials.	https://api.github.com/repos/matrix-org/matrix-spec/issues/1252
1251	open	2022-09-25T17:37:17Z	2022-12-20T18:58:49Z	Timeouts like on Discord	https://api.github.com/repos/matrix-org/matrix-spec/issues/1251
1249	open	2022-09-22T11:32:39Z	2022-09-22T11:32:39Z	Add a mechanism for a server to say it's no longer interested in a room	https://api.github.com/repos/matrix-org/matrix-spec/issues/1249
1248	open	2022-09-22T08:54:55Z	2026-05-11T20:57:57Z	JSON signing not appropriate for interoperability	https://api.github.com/repos/matrix-org/matrix-spec/issues/1248
1247	closed	2022-09-22T08:43:37Z	2026-01-28T16:45:37Z	Multiple "Canonical JSON" definitions not distinct in spec	https://api.github.com/repos/matrix-org/matrix-spec/issues/1247
1246	closed	2022-09-22T08:37:04Z	2026-04-28T22:01:17Z	Canonical JSON does not specify how to handle duplicate key values	https://api.github.com/repos/matrix-org/matrix-spec/issues/1246
1245	closed	2022-09-22T08:34:13Z	2026-01-28T16:34:14Z	Behaviours of Canonical JSON not thoroughly documented	https://api.github.com/repos/matrix-org/matrix-spec/issues/1245
1244	open	2022-09-22T08:29:34Z	2026-01-28T16:36:27Z	Pre-room version 6 handling of IEEE 754 in canonical JSON	https://api.github.com/repos/matrix-org/matrix-spec/issues/1244
1250	open	2022-09-22T01:35:27Z	2022-09-22T15:21:42Z	appservice registration yaml: allow `{as,hs}_token` to be specified as `{as,hs_token_path}` instead	https://api.github.com/repos/matrix-org/matrix-spec/issues/1250
1242	closed	2022-09-20T11:27:51Z	2022-09-22T11:23:23Z	No URL fragments available for to `section.rendered-data.defintion` in SS spec	https://api.github.com/repos/matrix-org/matrix-spec/issues/1242
1241	open	2022-09-20T11:12:11Z	2022-10-13T00:02:06Z	There are two different event structures called `m.typing`	https://api.github.com/repos/matrix-org/matrix-spec/issues/1241
1235	open	2022-09-10T22:25:56Z	2022-09-11T16:09:29Z	Proposal to use a room as Hotline (clients can only see their own messages)	https://api.github.com/repos/matrix-org/matrix-spec/issues/1235
1233	closed	2022-09-09T10:14:02Z	2022-10-03T15:13:44Z	Commonmark ↔ GitHub Flavoured Markdown	https://api.github.com/repos/matrix-org/matrix-spec/issues/1233
1232	closed	2022-09-07T09:23:45Z	2022-09-22T08:58:46Z	Canonical JSON is inadequately specified	https://api.github.com/repos/matrix-org/matrix-spec/issues/1232
1231	closed	2022-09-06T16:35:09Z	2023-02-15T21:09:31Z	Spelling: s2s authorization header says 'receiving sender' instead of 'receiving server'	https://api.github.com/repos/matrix-org/matrix-spec/issues/1231
1229	closed	2022-09-06T15:50:33Z	2022-09-06T16:21:53Z	mapping types generated from OpenAPI spec have inconsistent spacing	https://api.github.com/repos/matrix-org/matrix-spec/issues/1229
1228	open	2022-09-06T14:44:27Z	2022-09-29T09:57:47Z	Server-Server API does not specify that sending servers need to be able to give `prev_events` for the events that they send	https://api.github.com/repos/matrix-org/matrix-spec/issues/1228
1227	open	2022-09-06T09:24:08Z	2026-01-28T21:46:39Z	Clarify handling of bigints in string power levels	https://api.github.com/repos/matrix-org/matrix-spec/issues/1227
1226	open	2022-09-05T12:55:45Z	2022-10-01T16:01:16Z	Update html message allowed tags	https://api.github.com/repos/matrix-org/matrix-spec/issues/1226
1225	open	2022-09-04T17:02:27Z	2022-09-04T21:54:00Z	Idempotence in state events sending	https://api.github.com/repos/matrix-org/matrix-spec/issues/1225
1224	closed	2022-09-02T11:38:17Z	2022-09-02T15:00:41Z	Spec does not define what an event ID's grammar is, for room versions 1 and 2.	https://api.github.com/repos/matrix-org/matrix-spec/issues/1224
1223	closed	2022-09-01T14:42:42Z	2022-10-27T09:23:46Z	Spec refers to "plaintext" when it means "cleartext"	https://api.github.com/repos/matrix-org/matrix-spec/issues/1223
1222	open	2022-08-31T13:27:06Z	2022-08-31T13:54:07Z	Clarify how many pushers can be associated with a given access token	https://api.github.com/repos/matrix-org/matrix-spec/issues/1222
1221	open	2022-08-30T23:34:43Z	2022-08-31T14:11:03Z	Consider making push rules actually turing complete	https://api.github.com/repos/matrix-org/matrix-spec/issues/1221
1219	open	2022-08-30T10:20:24Z	2024-06-24T22:10:53Z	Meaning of `RoomFilter` with omitted `account_data`, `ephemeral`, `state` or `timeline` fields is unclear	https://api.github.com/repos/matrix-org/matrix-spec/issues/1219
1218	open	2022-08-29T10:37:17Z	2022-08-29T10:37:51Z	Advanced delivery status	https://api.github.com/repos/matrix-org/matrix-spec/issues/1218
1220	open	2022-08-28T03:48:47Z	2022-09-07T15:14:29Z	Matrix does not support SVCB DNS records for homeserver discovery	https://api.github.com/repos/matrix-org/matrix-spec/issues/1220
1217	closed	2022-08-26T08:26:17Z	2022-08-26T14:01:01Z	Search/context endpoint doesn't mention a `user_id`	https://api.github.com/repos/matrix-org/matrix-spec/issues/1217
1214	open	2022-08-24T04:33:52Z	2022-08-24T04:33:52Z	Account banner	https://api.github.com/repos/matrix-org/matrix-spec/issues/1214
1213	open	2022-08-22T15:57:48Z	2022-08-22T16:37:29Z	Suggestion: end world readability of tombstoned/upgraded rooms	https://api.github.com/repos/matrix-org/matrix-spec/issues/1213
1212	open	2022-08-17T10:44:51Z	2024-04-26T09:48:30Z	knock_room_state is used in an example, but never explained properly	https://api.github.com/repos/matrix-org/matrix-spec/issues/1212
1208	open	2022-08-11T13:37:58Z	2022-08-11T18:27:08Z	The event size limit lives in the Client-Server API docs	https://api.github.com/repos/matrix-org/matrix-spec/issues/1208
1207	open	2022-08-10T15:07:22Z	2022-08-10T15:07:22Z	Remove added-in-paragraph box shortcode	https://api.github.com/repos/matrix-org/matrix-spec/issues/1207
1204	closed	2022-08-09T01:09:37Z	2024-10-14T16:57:34Z	Client-server spec gets processed for Markdown twice	https://api.github.com/repos/matrix-org/matrix-spec/issues/1204
1203	open	2022-08-06T12:56:10Z	2022-08-08T18:24:35Z	Alternative/additional verification methods	https://api.github.com/repos/matrix-org/matrix-spec/issues/1203
1202	open	2022-08-05T10:23:41Z	2022-08-09T02:38:12Z	Client `.well-known` spec should explicitly specify that `Content-Type` isn't strict	https://api.github.com/repos/matrix-org/matrix-spec/issues/1202
1189	closed	2022-08-01T12:26:34Z	2022-08-01T17:48:51Z	Moving domains	https://api.github.com/repos/matrix-org/matrix-spec/issues/1189
1187	closed	2022-08-01T10:30:48Z	2022-12-08T10:41:02Z	Client-Server and Server-Server specs disagree on default invite power level	https://api.github.com/repos/matrix-org/matrix-spec/issues/1187
1186	closed	2022-07-26T18:34:01Z	2023-01-13T13:17:04Z	details of knockable rooms are returned by `/hierarchy`	https://api.github.com/repos/matrix-org/matrix-spec/issues/1186
1184	closed	2022-07-26T16:39:32Z	2025-02-14T12:06:22Z	spec does not say which rooms are returned from `/hierarchy`	https://api.github.com/repos/matrix-org/matrix-spec/issues/1184
1182	closed	2022-07-26T15:18:29Z	2022-07-28T12:45:56Z	Spec documentation does not say that request bodies are required	https://api.github.com/repos/matrix-org/matrix-spec/issues/1182
1181	open	2022-07-22T11:17:19Z	2022-07-23T05:32:17Z	POST /_matrix/client/v3/rooms/{roomId}/leave does not cover all possible error situations	https://api.github.com/repos/matrix-org/matrix-spec/issues/1181
1177	closed	2022-07-21T06:15:59Z	2022-07-21T11:58:00Z	m.reaction documentation	https://api.github.com/repos/matrix-org/matrix-spec/issues/1177
1176	closed	2022-07-20T11:13:54Z	2022-07-20T12:37:30Z	If you have a SRV record in your matix.org domain pointing to home.example.com is useless to have to certificate both domains	https://api.github.com/repos/matrix-org/matrix-spec/issues/1176
1173	open	2022-07-19T14:31:19Z	2022-07-19T19:21:59Z	The search endpoint does not mention the list of allowed values for `room_events.keys`	https://api.github.com/repos/matrix-org/matrix-spec/issues/1173
1171	open	2022-07-15T13:40:39Z	2022-07-15T15:44:44Z	Specific errcode for when a user invited to a room is already present in the room 	https://api.github.com/repos/matrix-org/matrix-spec/issues/1171
1167	open	2022-07-12T18:59:53Z	2023-05-18T12:30:07Z	Clarify if notifications are cleared by stream ordering or topological ordering	https://api.github.com/repos/matrix-org/matrix-spec/issues/1167
1163	closed	2022-07-06T15:56:52Z	2022-07-06T15:59:14Z	MSC3782: Add public/private key login as a new authentication type	https://api.github.com/repos/matrix-org/matrix-spec/issues/1163
1159	closed	2022-07-04T08:31:50Z	2022-07-07T21:55:52Z	/_matrix/media/v3/preview_url should specify an identifying server header 	https://api.github.com/repos/matrix-org/matrix-spec/issues/1159
1160	open	2022-07-01T07:03:47Z	2022-07-09T18:13:54Z	Extend Server ACL syntax to allow cherry picking dynamic DNS subdomains	https://api.github.com/repos/matrix-org/matrix-spec/issues/1160
1157	closed	2022-06-30T23:36:26Z	2025-03-05T09:45:01Z	It is not possible to specify multiple examples of a response payload	https://api.github.com/repos/matrix-org/matrix-spec/issues/1157
1156	open	2022-06-30T23:20:49Z	2022-06-30T23:21:02Z	How is per-room account data linked to your membership of the room?	https://api.github.com/repos/matrix-org/matrix-spec/issues/1156
1154	closed	2022-06-30T21:42:26Z	2022-07-05T15:46:47Z	#1042 mistakenly changed the description of state res in v2--v10 rooms	https://api.github.com/repos/matrix-org/matrix-spec/issues/1154
1153	closed	2022-06-30T21:22:17Z	2022-07-14T12:01:56Z	Lack of comprehensive status codes/error conditions in account data endpoints	https://api.github.com/repos/matrix-org/matrix-spec/issues/1153
1152	open	2022-06-29T15:22:25Z	2022-08-21T15:26:27Z	Support thirdparty network queries over federation	https://api.github.com/repos/matrix-org/matrix-spec/issues/1152
1151	closed	2022-06-29T11:55:08Z	2022-06-29T15:19:34Z	Message lifetimes	https://api.github.com/repos/matrix-org/matrix-spec/issues/1151
1150	closed	2022-06-29T11:51:37Z	2022-06-29T15:18:21Z	Allow variables in room names	https://api.github.com/repos/matrix-org/matrix-spec/issues/1150
1149	open	2022-06-29T11:48:40Z	2022-06-29T15:28:12Z	Give access to status info	https://api.github.com/repos/matrix-org/matrix-spec/issues/1149
1148	closed	2022-06-29T11:46:49Z	2023-07-20T11:42:08Z	Allow nameless general rooms	https://api.github.com/repos/matrix-org/matrix-spec/issues/1148
1147	closed	2022-06-29T11:41:47Z	2022-06-29T15:14:18Z	Nameless DMs should not change to the room alias	https://api.github.com/repos/matrix-org/matrix-spec/issues/1147
1146	closed	2022-06-29T04:48:03Z	2022-07-14T01:53:00Z	 Is it possible that Matrix supports Solid?	https://api.github.com/repos/matrix-org/matrix-spec/issues/1146
1145	open	2022-06-28T11:07:08Z	2024-08-07T13:00:43Z	Are HTTP status codes in the spec normative? Exhaustive?	https://api.github.com/repos/matrix-org/matrix-spec/issues/1145
1144	closed	2022-06-28T10:45:59Z	2022-06-28T11:20:30Z	Unclear what it means for a room to be "public"	https://api.github.com/repos/matrix-org/matrix-spec/issues/1144
1142	closed	2022-06-24T10:20:55Z	2022-08-02T23:20:53Z	`invite -> knock` membership change is actually illegal	https://api.github.com/repos/matrix-org/matrix-spec/issues/1142
1141	closed	2022-06-23T19:46:04Z	2022-06-24T00:11:08Z	Hypercore Protocol with Matrix	https://api.github.com/repos/matrix-org/matrix-spec/issues/1141
1139	closed	2022-06-21T20:48:41Z	2022-06-21T21:15:19Z	Matrix working with Bluetooth	https://api.github.com/repos/matrix-org/matrix-spec/issues/1139
1138	closed	2022-06-20T09:15:09Z	2022-06-23T16:48:46Z	Temporary messages in the matrix protocol	https://api.github.com/repos/matrix-org/matrix-spec/issues/1138
1136	open	2022-06-17T15:30:30Z	2022-06-17T15:57:08Z	Auth rules are unclear about which checks apply to auth events and which to room state	https://api.github.com/repos/matrix-org/matrix-spec/issues/1136
1133	closed	2022-06-16T14:40:27Z	2022-09-26T20:39:45Z	Scope transaction IDs to the (user, device_id) instead of the access token	https://api.github.com/repos/matrix-org/matrix-spec/issues/1133
1130	closed	2022-06-15T14:12:23Z	2022-06-15T15:13:33Z	It is not easy to navigate between different versions of the spec	https://api.github.com/repos/matrix-org/matrix-spec/issues/1130
1125	closed	2022-06-14T15:55:53Z	2024-08-19T12:11:07Z	Different font for ∪ and ∩	https://api.github.com/repos/matrix-org/matrix-spec/issues/1125
1124	open	2022-06-14T05:09:59Z	2024-07-05T09:36:32Z	One-time-key upload/claim is racy	https://api.github.com/repos/matrix-org/matrix-spec/issues/1124
1123	open	2022-06-14T05:07:41Z	2026-03-13T12:22:45Z	Room events arrive faster than to-device messages during federation connectivity problems, causing decryption failures	https://api.github.com/repos/matrix-org/matrix-spec/issues/1123
1122	open	2022-06-13T22:12:27Z	2023-11-24T17:54:29Z	Add `404` as valid response for `/thumbnail` and `/download` when `mediaId` does not exist	https://api.github.com/repos/matrix-org/matrix-spec/issues/1122
1121	open	2022-06-13T21:05:16Z	2022-06-13T21:05:16Z	Require that the media repo generate thumbnails for powerpoints and such?	https://api.github.com/repos/matrix-org/matrix-spec/issues/1121
1118	closed	2022-06-13T13:01:05Z	2022-08-22T12:06:53Z	Possible optimsation in the definition of auth difference	https://api.github.com/repos/matrix-org/matrix-spec/issues/1118
1116	open	2022-06-13T08:12:50Z	2022-06-13T15:41:59Z	If a public room supports peeking, allow searching	https://api.github.com/repos/matrix-org/matrix-spec/issues/1116
1112	closed	2022-06-07T23:13:03Z	2022-10-05T16:54:35Z	Auth rules in all room versions talk about "keys" but the documentation style wants them to be called "properties"	https://api.github.com/repos/matrix-org/matrix-spec/issues/1112
1111	open	2022-06-07T14:17:15Z	2022-06-07T15:38:27Z	Idea: Add (optional) local timezone to client-originating events	https://api.github.com/repos/matrix-org/matrix-spec/issues/1111
1109	open	2022-06-07T05:16:10Z	2022-06-11T01:45:53Z	Bots should only receive messages targeted at them	https://api.github.com/repos/matrix-org/matrix-spec/issues/1109
1108	open	2022-06-04T07:54:50Z	2022-06-04T13:58:10Z	`matrix` is not in the allowed schemes for the `a` tag	https://api.github.com/repos/matrix-org/matrix-spec/issues/1108
1188	open	2022-06-03T09:46:25Z	2022-08-01T11:16:14Z	Anonymous Reactions	https://api.github.com/repos/matrix-org/matrix-spec/issues/1188
1106	closed	2022-06-01T13:46:46Z	2022-06-15T15:12:50Z	The description of a power-levels event's mainline is unclear	https://api.github.com/repos/matrix-org/matrix-spec/issues/1106
1105	open	2022-05-31T16:08:31Z	2023-03-21T18:35:08Z	Spec does not describe the behaviour of `/event/<event ID>` when that event is not available	https://api.github.com/repos/matrix-org/matrix-spec/issues/1105
1104	open	2022-05-31T11:03:54Z	2024-06-26T11:13:04Z	Use consistent terminology for E2EE room keys	https://api.github.com/repos/matrix-org/matrix-spec/issues/1104
1098	open	2022-05-30T18:19:11Z	2022-06-01T16:57:48Z	Auth rules: behaviour unclear if no power level event is cited as an auth event	https://api.github.com/repos/matrix-org/matrix-spec/issues/1098
1096	open	2022-05-28T12:25:24Z	2022-05-28T12:25:24Z	Need some mechanism to tell clients when a room has been forgotten	https://api.github.com/repos/matrix-org/matrix-spec/issues/1096
1095	open	2022-05-28T02:54:12Z	2022-05-28T02:54:12Z	Clarify when exactly a 502 can be returned by the media download endpoint	https://api.github.com/repos/matrix-org/matrix-spec/issues/1095
1092	closed	2022-05-27T16:07:24Z	2022-05-28T02:04:09Z	Auth rule for restricted joins suggests an event should be signed by a user	https://api.github.com/repos/matrix-org/matrix-spec/issues/1092
1091	closed	2022-05-26T18:11:04Z	2022-05-26T18:19:57Z	What the dickens is `prev_state`?	https://api.github.com/repos/matrix-org/matrix-spec/issues/1091
1090	open	2022-05-26T18:03:51Z	2022-05-26T18:03:51Z	"Event Template" in the description of `make_join` is misleading	https://api.github.com/repos/matrix-org/matrix-spec/issues/1090
1089	open	2022-05-26T14:21:31Z	2022-05-26T14:21:31Z	The Megolm-related `forwarding_curve25519_key_chain` field is not very useful	https://api.github.com/repos/matrix-org/matrix-spec/issues/1089
1087	open	2022-05-26T13:15:39Z	2022-05-26T13:20:22Z	Use consistent terminology for E2EE device keys	https://api.github.com/repos/matrix-org/matrix-spec/issues/1087
1085	closed	2022-05-25T11:06:01Z	2025-06-16T12:10:00Z	PDU depth field can exceed Canonical JSON integer bounds	https://api.github.com/repos/matrix-org/matrix-spec/issues/1085
1083	closed	2022-05-25T08:51:22Z	2022-07-04T19:19:34Z	Clarify the response body/status of /invite when the user is already invited	https://api.github.com/repos/matrix-org/matrix-spec/issues/1083
1080	closed	2022-05-23T22:17:39Z	2023-04-05T14:06:35Z	Broken link in "Protocol definitions" section	https://api.github.com/repos/matrix-org/matrix-spec/issues/1080
1078	closed	2022-05-22T13:35:28Z	2024-03-08T10:13:12Z	Only one of `sdpMLineIndex` or `sdpMid` should be required in `Candidate`	https://api.github.com/repos/matrix-org/matrix-spec/issues/1078
1077	closed	2022-05-22T11:17:47Z	2023-04-04T21:23:48Z	Ability to redact a room.	https://api.github.com/repos/matrix-org/matrix-spec/issues/1077
1076	open	2022-05-22T11:04:58Z	2022-05-28T02:10:59Z	It's nonsensical to apply power levels to guest users.	https://api.github.com/repos/matrix-org/matrix-spec/issues/1076
1075	open	2022-05-20T09:35:23Z	2026-07-20T11:47:20Z	Temporarily disable notifications for a room with an active discussion for X minutes or hours	https://api.github.com/repos/matrix-org/matrix-spec/issues/1075
1074	open	2022-05-20T09:31:28Z	2026-08-17T09:47:34Z	Keywords to disable notifications	https://api.github.com/repos/matrix-org/matrix-spec/issues/1074
1073	closed	2022-05-18T20:25:54Z	2025-06-03T18:05:25Z	"Account registration and management" section starts off telling you how to deactivate your account	https://api.github.com/repos/matrix-org/matrix-spec/issues/1073
1072	open	2022-05-18T14:05:44Z	2023-08-04T17:03:48Z	Upgrading a room should rewrite restricted join rules on affected rooms	https://api.github.com/repos/matrix-org/matrix-spec/issues/1072
1071	closed	2022-05-18T13:08:14Z	2022-05-18T20:12:19Z	spec.matrix.org has several "Specification error: Example invalid or not present" errors.	https://api.github.com/repos/matrix-org/matrix-spec/issues/1071
1069	closed	2022-05-18T11:49:37Z	2022-05-23T17:22:33Z	Checks on PDUs is ambiguous when it refers to "the state at an event"	https://api.github.com/repos/matrix-org/matrix-spec/issues/1069
1068	open	2022-05-18T07:41:56Z	2022-05-28T02:47:43Z	Word submatch should not trigger loud notification	https://api.github.com/repos/matrix-org/matrix-spec/issues/1068
1079	open	2022-05-17T10:50:51Z	2022-08-01T11:16:40Z	Ability to reply to email notifications	https://api.github.com/repos/matrix-org/matrix-spec/issues/1079
1065	closed	2022-05-16T22:24:38Z	2022-11-14T23:00:39Z	Possible solution for polls notifications	https://api.github.com/repos/matrix-org/matrix-spec/issues/1065
1064	open	2022-05-16T17:22:24Z	2022-05-28T02:48:20Z	Consider a subspec of some kind for standardizing X over Matrix, where X isn't really core	https://api.github.com/repos/matrix-org/matrix-spec/issues/1064
1063	closed	2022-05-16T16:12:00Z	2024-12-20T17:41:20Z	Matrix 1.3	https://api.github.com/repos/matrix-org/matrix-spec/issues/1063
1061	open	2022-05-12T19:15:11Z	2022-06-02T14:49:43Z	Auth rules don't explicitly prevent `m.room.create` events from having `auth_events`.	https://api.github.com/repos/matrix-org/matrix-spec/issues/1061
1060	closed	2022-05-12T10:16:26Z	2025-10-09T08:02:41Z	/notifications response Notification actions type is `[]`	https://api.github.com/repos/matrix-org/matrix-spec/issues/1060
1058	open	2022-05-10T22:21:33Z	2024-07-19T14:41:30Z	Expiration of pagination tokens on `/hierarchy` not specified 	https://api.github.com/repos/matrix-org/matrix-spec/issues/1058
1057	closed	2022-05-10T20:10:36Z	2025-11-18T16:08:01Z	"Optional" keyword on `device_one_time_keys_count` is confusing	https://api.github.com/repos/matrix-org/matrix-spec/issues/1057
1049	closed	2022-05-05T17:29:04Z	2022-05-05T17:30:55Z	Spec that the `m.room.create` event must be sent by a user from the same domain as the room ID	https://api.github.com/repos/matrix-org/matrix-spec/issues/1049
1048	open	2022-05-05T14:06:09Z	2022-06-10T11:36:18Z	Spec leaves wiggle room in the rules surrounding `m.room.create` events	https://api.github.com/repos/matrix-org/matrix-spec/issues/1048
1047	closed	2022-05-04T21:10:31Z	2025-07-19T19:52:42Z	Spec `?format=event|content` on `GET /state/:type[/:key]`	https://api.github.com/repos/matrix-org/matrix-spec/issues/1047
1046	open	2022-05-04T15:28:37Z	2022-05-05T13:44:18Z	Confusing cycle: S-S API -> room version auth rules -> S-S api auth events selection	https://api.github.com/repos/matrix-org/matrix-spec/issues/1046
1044	closed	2022-05-04T13:50:00Z	2022-05-04T14:22:25Z	Server-server API does not describe what it means for a PDU to be valid	https://api.github.com/repos/matrix-org/matrix-spec/issues/1044
1041	closed	2022-04-29T18:22:57Z	2022-05-30T13:13:56Z	State res v2 does not define the term "auth chain"	https://api.github.com/repos/matrix-org/matrix-spec/issues/1041
1039	closed	2022-04-29T15:15:44Z	2023-04-12T14:41:27Z	The `token` parameter in `/keys/query` is not implemented anywhere	https://api.github.com/repos/matrix-org/matrix-spec/issues/1039
1034	closed	2022-04-25T13:46:26Z	2022-05-28T02:54:40Z	Consider prohibiting or avoiding responses with a `502 Bad Gateway` and `504 Gateway Timeout` HTTP status code	https://api.github.com/repos/matrix-org/matrix-spec/issues/1034
1033	closed	2022-04-21T16:09:07Z	2025-03-04T17:14:44Z	Room v2 PDU definition has incorrect  `prev_events` and `auth_events` examples	https://api.github.com/repos/matrix-org/matrix-spec/issues/1033
1029	closed	2022-04-13T21:15:10Z	2023-05-03T09:18:57Z	Proposals page is included in the stable release of the spec, featuring old proposal listings	https://api.github.com/repos/matrix-org/matrix-spec/issues/1029
1027	closed	2022-04-11T16:49:47Z	2022-04-27T18:06:59Z	Prevent user from leaving room	https://api.github.com/repos/matrix-org/matrix-spec/issues/1027
1026	closed	2022-04-08T12:02:57Z	2025-12-01T17:41:43Z	event_id_only should not be called "the only format available"	https://api.github.com/repos/matrix-org/matrix-spec/issues/1026
1025	closed	2022-04-07T14:11:36Z	2022-04-07T17:07:30Z	Should .well-known have a strict Content-Type	https://api.github.com/repos/matrix-org/matrix-spec/issues/1025
1024	closed	2022-04-07T07:09:09Z	2022-04-07T07:29:30Z	Programmatically accept M_CONSENT_NOT_GIVEN	https://api.github.com/repos/matrix-org/matrix-spec/issues/1024
1023	open	2022-04-06T16:08:54Z	2025-11-12T14:20:40Z	Set up robots.txt or similar to discourage search engines from indexing old spec versions	https://api.github.com/repos/matrix-org/matrix-spec/issues/1023
1020	closed	2022-04-05T08:30:37Z	2025-10-29T16:33:49Z	Contradiction in power level defaults	https://api.github.com/repos/matrix-org/matrix-spec/issues/1020
1019	closed	2022-04-05T08:10:07Z	2022-04-05T13:48:14Z	Spec <-> Synapse divergence on default `invite` power levels	https://api.github.com/repos/matrix-org/matrix-spec/issues/1019
1018	open	2022-04-04T15:12:49Z	2022-04-04T15:12:49Z	It is unclear how room IDs inside `leave` with no additional information should be interpreted	https://api.github.com/repos/matrix-org/matrix-spec/issues/1018
1017	open	2022-04-03T16:45:09Z	2024-01-04T10:47:56Z	Unban state propagation isn't explained/is nonexistent for non-participating servers	https://api.github.com/repos/matrix-org/matrix-spec/issues/1017
1016	open	2022-04-02T13:07:02Z	2022-05-28T02:56:54Z	Only disclose devicelists on a need to know basis	https://api.github.com/repos/matrix-org/matrix-spec/issues/1016
1022	closed	2022-04-02T07:33:30Z	2025-11-13T10:49:35Z	User directory definition of "public room"	https://api.github.com/repos/matrix-org/matrix-spec/issues/1022
1015	open	2022-04-01T05:47:04Z	2022-04-26T16:07:58Z	Expand Matrix URI scheme actions to include action=knock	https://api.github.com/repos/matrix-org/matrix-spec/issues/1015
1014	open	2022-03-30T13:45:18Z	2022-03-30T13:45:18Z	`join_authorised_via_users_server` insufficiently explained in the C2S spec	https://api.github.com/repos/matrix-org/matrix-spec/issues/1014
1010	closed	2022-03-29T15:33:35Z	2024-06-07T13:00:09Z	Request body example of `POST /_matrix/client/v3/search` contains extra `null`s	https://api.github.com/repos/matrix-org/matrix-spec/issues/1010
1009	closed	2022-03-29T14:12:34Z	2024-04-03T10:02:58Z	Build warning from hugo 0.96	https://api.github.com/repos/matrix-org/matrix-spec/issues/1009
1007	open	2022-03-28T11:04:19Z	2022-03-28T11:04:19Z	There is no documentation on how to treat media events with both url and file set	https://api.github.com/repos/matrix-org/matrix-spec/issues/1007
1006	open	2022-03-27T09:33:58Z	2022-05-09T15:45:18Z	RSVPs to events 	https://api.github.com/repos/matrix-org/matrix-spec/issues/1006
1005	closed	2022-03-26T05:12:34Z	2022-03-28T22:44:53Z	How does the `state_default` power-level play with `m.room.member` state events?	https://api.github.com/repos/matrix-org/matrix-spec/issues/1005
1004	open	2022-03-25T20:13:14Z	2022-05-28T02:58:11Z	Publish a guide for how to handle room version-affecting MSCs	https://api.github.com/repos/matrix-org/matrix-spec/issues/1004
1001	closed	2022-03-24T19:40:27Z	2024-06-12T08:14:03Z	Pick a unit for describing string length	https://api.github.com/repos/matrix-org/matrix-spec/issues/1001
1000	closed	2022-03-24T11:16:24Z	2022-03-29T14:01:57Z	Specs 1.1 and 1.2 lack a title for "Flow information" type	https://api.github.com/repos/matrix-org/matrix-spec/issues/1000
1013	closed	2022-03-22T15:17:43Z	2022-05-31T15:24:26Z	documentation about state key unclear or accidentally removed	https://api.github.com/repos/matrix-org/matrix-spec/issues/1013
999	open	2022-03-21T17:11:24Z	2022-05-28T02:58:18Z	EXTEV: Event filters	https://api.github.com/repos/matrix-org/matrix-spec/issues/999
996	open	2022-03-15T09:13:05Z	2022-05-09T20:27:54Z	Clarify if MXIDs are case-sensitive	https://api.github.com/repos/matrix-org/matrix-spec/issues/996
995	closed	2022-03-12T02:52:11Z	2022-05-28T02:58:40Z	[Spec idea]: ActivityPub integration	https://api.github.com/repos/matrix-org/matrix-spec/issues/995
994	closed	2022-03-09T16:53:53Z	2022-05-28T02:44:03Z	v1.3 release blocker: Threads	https://api.github.com/repos/matrix-org/matrix-spec/issues/994
986	closed	2022-03-08T12:21:43Z	2022-03-29T14:03:41Z	Build fails with hugo 0.92.0+	https://api.github.com/repos/matrix-org/matrix-spec/issues/986
985	open	2022-03-06T18:35:43Z	2022-03-06T18:35:58Z	`include_redundant_members` "subsequent calls" bound is not clear	https://api.github.com/repos/matrix-org/matrix-spec/issues/985
984	closed	2022-03-05T10:10:18Z	2022-03-08T10:50:45Z	Restricted rooms in space hierarchy are missing allow conditions	https://api.github.com/repos/matrix-org/matrix-spec/issues/984
983	closed	2022-03-04T15:09:59Z	2025-02-03T11:18:10Z	formatted_body examples are over-escaped	https://api.github.com/repos/matrix-org/matrix-spec/issues/983
982	open	2022-03-03T11:04:35Z	2026-01-14T15:47:34Z	`/logout/all` has inconsistent openapi operation_id	https://api.github.com/repos/matrix-org/matrix-spec/issues/982
981	open	2022-03-03T10:58:53Z	2022-05-28T02:58:55Z	`PUT /directory/list/room/:roomID` can have additional access control checks, but clients can't predict what those are	https://api.github.com/repos/matrix-org/matrix-spec/issues/981
979	closed	2022-03-03T01:22:15Z	2022-08-26T19:53:29Z	typo in POST /_matrix/client/v3/join/{roomIdOrAlias} note	https://api.github.com/repos/matrix-org/matrix-spec/issues/979
1	open	2022-03-01T14:50:37Z	2022-09-20T08:57:53Z	Restricted join rules are incompatible with E2EE history	https://api.github.com/repos/matrix-org/matrix-spec/issues/1
2	closed	2022-02-25T06:56:40Z	2022-11-01T15:07:01Z	Swagger Viewer points to 404	https://api.github.com/repos/matrix-org/matrix-spec/issues/2
3	closed	2022-02-18T21:18:27Z	2022-03-11T17:28:14Z	Change the name of "Matrix" to something more unique	https://api.github.com/repos/matrix-org/matrix-spec/issues/3
4	closed	2022-02-18T14:41:04Z	2022-05-28T02:39:23Z	Token-based Interactive Login link seems to have dissapeared	https://api.github.com/repos/matrix-org/matrix-spec/issues/4
5	open	2022-02-13T19:47:22Z	2023-03-31T09:00:07Z	Clarify the maximum value of room power levels	https://api.github.com/repos/matrix-org/matrix-spec/issues/5
6	open	2022-02-11T10:22:21Z	2022-03-01T16:38:01Z	Handle self-ignore case with clear error (/_matrix/client/v3/user/{userId}/account_data/{type})	https://api.github.com/repos/matrix-org/matrix-spec/issues/6
7	open	2022-02-11T01:14:25Z	2022-05-28T03:00:28Z	sync v2 implicit todevice acks considered incredibly harmful.	https://api.github.com/repos/matrix-org/matrix-spec/issues/7
8	closed	2022-02-09T11:03:11Z	2023-10-11T10:36:42Z	`check-swagger-sources.py` is not run in CI	https://api.github.com/repos/matrix-org/matrix-spec/issues/8
9	open	2022-02-07T09:55:22Z	2022-03-01T16:38:31Z	Decribe support for SVG and Lottie formats in image events	https://api.github.com/repos/matrix-org/matrix-spec/issues/9
10	open	2022-02-06T09:01:15Z	2022-03-01T16:38:22Z	Ability to turn off read receipts on a room-wide basis	https://api.github.com/repos/matrix-org/matrix-spec/issues/10
11	open	2022-02-03T14:31:07Z	2022-03-01T16:38:33Z	Consistently applied safeguard against unexpected encryption drop	https://api.github.com/repos/matrix-org/matrix-spec/issues/11
12	closed	2022-02-03T11:48:06Z	2025-01-23T12:36:42Z	v1.0 support detection is ambiguous	https://api.github.com/repos/matrix-org/matrix-spec/issues/12
13	open	2022-02-03T09:11:47Z	2023-07-17T12:21:47Z	We should mandate twemoji for verif emoji and ship a font which includes the right subset	https://api.github.com/repos/matrix-org/matrix-spec/issues/13
14	closed	2022-02-02T16:42:47Z	2023-09-26T18:19:32Z	server-server YAML files are not valid	https://api.github.com/repos/matrix-org/matrix-spec/issues/14
15	closed	2022-02-02T12:25:20Z	2023-04-27T13:25:03Z	Explicit mentions within code blocks should not trigger ping	https://api.github.com/repos/matrix-org/matrix-spec/issues/15
16	closed	2022-02-02T12:22:13Z	2023-04-27T13:25:03Z	Push rules should not be triggered if trigger is inside spoiler	https://api.github.com/repos/matrix-org/matrix-spec/issues/16
17	closed	2022-02-01T17:40:49Z	2022-07-11T19:58:28Z	spec for policy rules does not match reality	https://api.github.com/repos/matrix-org/matrix-spec/issues/17
18	closed	2022-01-31T18:58:31Z	2022-11-02T14:16:44Z	In-room m.key.verification.request message event doesn't seem to be documented	https://api.github.com/repos/matrix-org/matrix-spec/issues/18
976	open	2022-01-31T18:44:14Z	2025-11-28T14:04:12Z	Change "unstable" wording of spec versions to "unreleased"	https://api.github.com/repos/matrix-org/matrix-spec/issues/976
975	open	2022-01-26T17:04:52Z	2025-09-09T09:10:07Z	Quantum-resistant crypto	https://api.github.com/repos/matrix-org/matrix-spec/issues/975
974	open	2022-01-26T16:35:47Z	2022-03-02T00:29:36Z	Should `unsigned` be a required field of events?	https://api.github.com/repos/matrix-org/matrix-spec/issues/974
973	open	2022-01-17T18:58:04Z	2022-05-28T03:01:39Z	Define com.github / com.gitlab and other metadata schemas in use by matrix-hookshot	https://api.github.com/repos/matrix-org/matrix-spec/issues/973
972	open	2022-01-16T22:25:46Z	2022-03-02T00:29:14Z	The spec should recommend that private rooms are E2EE	https://api.github.com/repos/matrix-org/matrix-spec/issues/972
971	open	2022-01-14T19:00:53Z	2022-05-28T03:01:50Z	deleting the current key backup version is unspecified behaviour	https://api.github.com/repos/matrix-org/matrix-spec/issues/971
970	open	2022-01-14T10:53:50Z	2022-03-02T00:28:50Z	Include sender's avatar in `notify` endpoint	https://api.github.com/repos/matrix-org/matrix-spec/issues/970
969	open	2022-01-14T04:36:47Z	2022-05-28T03:02:05Z	EXTEV: Verification over messages	https://api.github.com/repos/matrix-org/matrix-spec/issues/969
968	open	2022-01-11T18:45:36Z	2026-01-13T17:53:02Z	big empty right margin	https://api.github.com/repos/matrix-org/matrix-spec/issues/968
967	open	2022-01-10T17:12:08Z	2022-03-02T00:28:13Z	Should a device be reported if no keys have been uploaded for it?	https://api.github.com/repos/matrix-org/matrix-spec/issues/967
966	open	2022-01-07T22:52:12Z	2023-07-06T08:10:50Z	Make to-device message sending ordered	https://api.github.com/repos/matrix-org/matrix-spec/issues/966
965	closed	2022-01-07T16:02:24Z	2025-02-21T09:26:52Z	Links to specific spec items (with URL fragments) "miss" their target when firefox navigates directly to them	https://api.github.com/repos/matrix-org/matrix-spec/issues/965
964	open	2022-01-06T12:53:19Z	2025-11-28T13:48:06Z	`/createRoom` is not clear about what should happen if you specify yourself as an invitee	https://api.github.com/repos/matrix-org/matrix-spec/issues/964
963	open	2022-01-06T12:29:33Z	2022-05-28T02:18:58Z	Event Reports don't have a specified character limit	https://api.github.com/repos/matrix-org/matrix-spec/issues/963
962	closed	2022-01-04T17:20:20Z	2025-11-28T13:55:07Z	example in POST /_matrix/client/v3/keys/device_signing/upload has duplicate fields	https://api.github.com/repos/matrix-org/matrix-spec/issues/962
961	open	2022-01-04T12:21:56Z	2022-05-28T02:38:37Z	Olm to-device event format missing `sender` field	https://api.github.com/repos/matrix-org/matrix-spec/issues/961
960	open	2021-12-28T10:46:26Z	2022-03-02T00:26:42Z	Mark a part of a message for a specific purpose (e.g. copying)	https://api.github.com/repos/matrix-org/matrix-spec/issues/960
959	open	2021-12-28T02:16:04Z	2022-03-02T00:26:28Z	Expirable reusable invites	https://api.github.com/repos/matrix-org/matrix-spec/issues/959
958	open	2021-12-27T14:30:53Z	2022-07-13T09:22:40Z	Ability to cancel to-device msgs	https://api.github.com/repos/matrix-org/matrix-spec/issues/958
957	closed	2021-12-25T15:23:06Z	2025-04-29T10:17:19Z	`unstable_features` doesn't declare types	https://api.github.com/repos/matrix-org/matrix-spec/issues/957
956	open	2021-12-23T19:07:41Z	2022-03-02T00:25:56Z	Consider changing the point in the spec process when implementations are expected to follow the spec.	https://api.github.com/repos/matrix-org/matrix-spec/issues/956
955	open	2021-12-21T15:25:36Z	2022-03-02T00:25:39Z	"Changes since last release" section should omit itself if it is empty	https://api.github.com/repos/matrix-org/matrix-spec/issues/955
954	open	2021-12-20T21:59:58Z	2022-05-28T03:02:39Z	If an appservice has a non-exclusive alias field in it's namespace, does that alias trigger /_matrix/app/v1/room requests?	https://api.github.com/repos/matrix-org/matrix-spec/issues/954
953	open	2021-12-20T13:14:34Z	2022-08-16T15:53:03Z	support POST requests to `preview_url`	https://api.github.com/repos/matrix-org/matrix-spec/issues/953
1533	open	2021-12-17T11:18:00Z	2023-05-23T11:37:24Z	Automatic room picture generation	https://api.github.com/repos/matrix-org/matrix-spec/issues/1533
952	open	2021-12-15T03:34:44Z	2022-03-02T00:25:03Z	Suggestion: Hash filter contents as the filterId (or add a filterAlias property)	https://api.github.com/repos/matrix-org/matrix-spec/issues/952
951	closed	2021-12-09T19:59:47Z	2025-12-04T12:24:29Z	Version selector on spec.matrix.org	https://api.github.com/repos/matrix-org/matrix-spec/issues/951
950	open	2021-12-08T17:37:05Z	2022-05-28T03:02:52Z	M_EXCLUSIVE error for appservices doesn't describe HTTP error code	https://api.github.com/repos/matrix-org/matrix-spec/issues/950
949	open	2021-12-08T16:45:03Z	2024-03-27T09:32:30Z	New spec page does not scale correct on android webview	https://api.github.com/repos/matrix-org/matrix-spec/issues/949
948	closed	2021-12-08T15:52:51Z	2022-09-20T21:02:07Z	Receipt example rendered poorly	https://api.github.com/repos/matrix-org/matrix-spec/issues/948
947	open	2021-12-08T10:35:57Z	2026-03-02T11:17:08Z	SEO for MSCs	https://api.github.com/repos/matrix-org/matrix-spec/issues/947
946	closed	2021-12-08T00:04:19Z	2022-07-02T01:42:49Z	EXTEV: Power levels	https://api.github.com/repos/matrix-org/matrix-spec/issues/946
945	open	2021-12-08T00:04:15Z	2022-05-28T03:02:04Z	EXTEV: Push rules	https://api.github.com/repos/matrix-org/matrix-spec/issues/945
944	open	2021-12-06T11:54:39Z	2023-03-17T16:04:53Z	Do not require identity assertion when trying to read an event from a room that an appservice user is in	https://api.github.com/repos/matrix-org/matrix-spec/issues/944
943	open	2021-12-03T16:03:38Z	2022-03-02T00:23:12Z	Hard to find all informations about to device	https://api.github.com/repos/matrix-org/matrix-spec/issues/943
942	open	2021-12-03T14:59:09Z	2024-04-04T16:53:19Z	lazy-loading behaviour for `/sync` is incorrectly specified	https://api.github.com/repos/matrix-org/matrix-spec/issues/942
941	closed	2021-12-02T17:13:29Z	2024-04-09T18:29:32Z	Set up codeowners for the spec documents	https://api.github.com/repos/matrix-org/matrix-spec/issues/941
940	open	2021-12-02T16:21:00Z	2022-03-02T00:22:30Z	Clarify what error code should be returned when the uploaded event is too large.	https://api.github.com/repos/matrix-org/matrix-spec/issues/940
939	open	2021-12-02T13:56:04Z	2025-01-09T22:56:22Z	Clarify if initial sync should populate `leave` with past room membership	https://api.github.com/repos/matrix-org/matrix-spec/issues/939
938	open	2021-12-01T12:05:21Z	2022-03-16T15:10:15Z	Clarify atomicity of endpoints	https://api.github.com/repos/matrix-org/matrix-spec/issues/938
937	closed	2021-11-29T16:40:54Z	2024-10-15T16:22:41Z	VoIP call events are in a bonkers confusing order	https://api.github.com/repos/matrix-org/matrix-spec/issues/937
936	closed	2021-11-25T04:29:11Z	2022-05-28T03:04:11Z	feature request: ability to add alt text to images	https://api.github.com/repos/matrix-org/matrix-spec/issues/936
935	open	2021-11-24T19:42:00Z	2022-03-02T00:21:28Z	"session key", "room key", "megolm key" and "megolm session" are used interchangeably throughout the spec	https://api.github.com/repos/matrix-org/matrix-spec/issues/935
934	closed	2021-11-22T21:17:19Z	2025-01-20T11:13:28Z	 Feasibility of Upgrading Cryptographic ciphers? 	https://api.github.com/repos/matrix-org/matrix-spec/issues/934
933	open	2021-11-22T16:39:36Z	2025-11-28T14:12:36Z	Be more explicit about some `m.msgtype`s being optional	https://api.github.com/repos/matrix-org/matrix-spec/issues/933
932	open	2021-11-21T16:18:34Z	2024-08-29T17:24:50Z	Ability to migrate events between different formats.	https://api.github.com/repos/matrix-org/matrix-spec/issues/932
931	closed	2021-11-21T15:30:11Z	2022-05-10T19:40:01Z	m.call.answer sample has an invalid field.	https://api.github.com/repos/matrix-org/matrix-spec/issues/931
930	open	2021-11-21T14:30:28Z	2022-05-28T03:04:29Z	copy as cURL	https://api.github.com/repos/matrix-org/matrix-spec/issues/930
929	open	2021-11-18T19:44:00Z	2022-05-28T03:05:13Z	Add implementation note for how to parse room, alias, and user IDs	https://api.github.com/repos/matrix-org/matrix-spec/issues/929
928	open	2021-11-17T12:33:02Z	2024-04-09T19:49:48Z	Consider handling server ACLs through event auth rules rather than at the network level	https://api.github.com/repos/matrix-org/matrix-spec/issues/928
927	closed	2021-11-16T17:08:53Z	2024-12-20T17:36:35Z	Consider splitting MSCs and spec into separate github repositories	https://api.github.com/repos/matrix-org/matrix-spec/issues/927
926	open	2021-11-15T19:36:53Z	2022-03-02T00:19:41Z	[pre-MSC] Relationships through "User Tags"	https://api.github.com/repos/matrix-org/matrix-spec/issues/926
925	open	2021-11-14T12:40:11Z	2022-03-02T00:19:32Z	`@room` push rule doesn't have a sound, which makes it not-noisy	https://api.github.com/repos/matrix-org/matrix-spec/issues/925
924	closed	2021-11-13T15:20:49Z	2025-03-05T09:52:41Z	Open API: RoomKeysUpdateResponse is duplicated 6 times in the key backup API	https://api.github.com/repos/matrix-org/matrix-spec/issues/924
923	closed	2021-11-08T12:49:00Z	2022-06-09T12:42:38Z	Appservice API requires `access_token` to be in the query parameters	https://api.github.com/repos/matrix-org/matrix-spec/issues/923
922	open	2021-11-05T19:33:33Z	2022-03-02T00:18:49Z	Figure out a changelog for the OpenAPI schemas	https://api.github.com/repos/matrix-org/matrix-spec/issues/922
921	closed	2021-11-05T11:45:03Z	2024-10-11T13:51:19Z	PusherData documentation doesn't mention default_payload field	https://api.github.com/repos/matrix-org/matrix-spec/issues/921
920	open	2021-11-05T09:25:05Z	2022-03-02T00:18:26Z	`/joined_members` is not entirely clear about returning local room member objects	https://api.github.com/repos/matrix-org/matrix-spec/issues/920
919	open	2021-11-04T17:00:47Z	2022-03-02T00:18:12Z	Recommend giving an option to disable logging user-platform data by server implementations	https://api.github.com/repos/matrix-org/matrix-spec/issues/919
918	open	2021-11-03T15:15:12Z	2022-03-02T00:18:01Z	Spec doesn't consider error cases for `/_matrix/identity/v2/account/register`	https://api.github.com/repos/matrix-org/matrix-spec/issues/918
917	open	2021-11-02T19:46:55Z	2022-03-02T00:17:48Z	`next_link` on `POST /account/password/email/requestToken` is awkward	https://api.github.com/repos/matrix-org/matrix-spec/issues/917
916	open	2021-11-02T19:42:25Z	2022-03-02T00:17:35Z	Identity service submitToken endpoints don't describe how errors work	https://api.github.com/repos/matrix-org/matrix-spec/issues/916
915	open	2021-10-26T22:04:47Z	2022-03-02T00:17:23Z	Redirect /latest to the latest version instead of symlinking	https://api.github.com/repos/matrix-org/matrix-spec/issues/915
914	open	2021-10-26T21:06:28Z	2022-03-02T00:17:09Z	Automate github release steps	https://api.github.com/repos/matrix-org/matrix-spec/issues/914
913	open	2021-10-22T06:18:28Z	2022-03-02T00:16:54Z	Clarify access to listing members by guest users	https://api.github.com/repos/matrix-org/matrix-spec/issues/913
912	open	2021-10-20T18:38:30Z	2022-03-02T00:16:43Z	Allow silent notifications to be treated as notifications for notification collector	https://api.github.com/repos/matrix-org/matrix-spec/issues/912
911	closed	2021-10-20T18:22:35Z	2023-08-04T17:03:48Z	Require that server copy the room type when upgrading rooms	https://api.github.com/repos/matrix-org/matrix-spec/issues/911
910	closed	2021-10-20T14:18:43Z	2024-10-29T15:11:01Z	`PusherData` is undocumented in the Push Gateway API	https://api.github.com/repos/matrix-org/matrix-spec/issues/910
909	closed	2021-10-19T19:05:58Z	2023-03-21T18:45:01Z	Figure out how to mark older versions of the spec as old again	https://api.github.com/repos/matrix-org/matrix-spec/issues/909
908	closed	2021-10-14T05:24:50Z	2022-11-15T23:26:57Z	Changelog is not collapsing entries	https://api.github.com/repos/matrix-org/matrix-spec/issues/908
907	open	2021-10-13T12:33:03Z	2022-03-02T00:15:44Z	Please clarify the relation between HTTP error codes and failure state of the payload	https://api.github.com/repos/matrix-org/matrix-spec/issues/907
906	open	2021-10-08T12:07:28Z	2022-03-02T00:15:30Z	Should `full_state` in the `/sync` API include `invite` room state?	https://api.github.com/repos/matrix-org/matrix-spec/issues/906
905	open	2021-10-08T01:55:30Z	2022-05-28T03:06:28Z	spec doesn't say that cross-signing keys should sign themselves	https://api.github.com/repos/matrix-org/matrix-spec/issues/905
904	open	2021-10-07T18:44:26Z	2022-03-02T00:15:07Z	Specify the process by which historical synapse behaviour (from before v1, 2019) is written into the spec after the fact	https://api.github.com/repos/matrix-org/matrix-spec/issues/904
903	closed	2021-10-06T21:03:08Z	2022-06-08T16:17:31Z	Spec does not specify how to handle duplicate auth events	https://api.github.com/repos/matrix-org/matrix-spec/issues/903
902	open	2021-10-04T12:26:58Z	2022-03-02T00:14:45Z	Document that the auth on the identity service API is used exclusively for tracking ToS acceptance	https://api.github.com/repos/matrix-org/matrix-spec/issues/902
901	open	2021-10-04T11:11:18Z	2022-03-02T00:14:33Z	Amend the optional suggestion for clients to implement one-time key signing with suggestion to also implement plausibly deniable authenticated key exchange	https://api.github.com/repos/matrix-org/matrix-spec/issues/901
900	closed	2021-09-23T19:12:34Z	2022-06-01T15:28:50Z	Percent-encoding examples are inconsistent with text description 	https://api.github.com/repos/matrix-org/matrix-spec/issues/900
899	closed	2021-09-21T16:50:40Z	2022-08-03T16:48:01Z	event `$143273582443PhrSn:example.org` appears in both `timeline` and `state` in `/sync` example	https://api.github.com/repos/matrix-org/matrix-spec/issues/899
898	open	2021-09-20T19:51:46Z	2022-03-02T00:13:52Z	Deep Linking in messages	https://api.github.com/repos/matrix-org/matrix-spec/issues/898
897	open	2021-09-20T16:38:05Z	2026-03-25T09:11:24Z	Spec refers to EDUs and account data as "events"	https://api.github.com/repos/matrix-org/matrix-spec/issues/897
896	open	2021-09-20T16:29:15Z	2022-03-02T00:13:28Z	Move definitions of event and account_data schemas out of the C-S spec	https://api.github.com/repos/matrix-org/matrix-spec/issues/896
895	closed	2021-09-17T14:59:42Z	2026-07-16T14:17:22Z	Improve documentation regarding key sharing to avoid vulnerabilities	https://api.github.com/repos/matrix-org/matrix-spec/issues/895
894	closed	2021-09-09T13:55:11Z	2023-01-09T11:36:05Z	Changing zoom level on `spec.matrix.org` scrolls/displaces the main content a bunch.	https://api.github.com/repos/matrix-org/matrix-spec/issues/894
893	open	2021-09-09T11:53:54Z	2022-03-02T00:12:47Z	[idea] Message-subset mention/reply	https://api.github.com/repos/matrix-org/matrix-spec/issues/893
892	open	2021-09-04T11:44:36Z	2023-03-10T15:42:06Z	User or room specific "Never send encrypted messages to unverified sessions"	https://api.github.com/repos/matrix-org/matrix-spec/issues/892
891	open	2021-09-02T17:08:15Z	2022-03-02T00:12:24Z	Clarify what unstable and stable mean as words with respect to room versions	https://api.github.com/repos/matrix-org/matrix-spec/issues/891
890	open	2021-08-30T14:12:54Z	2022-03-02T00:12:13Z	Add a button to copy request path	https://api.github.com/repos/matrix-org/matrix-spec/issues/890
889	open	2021-08-30T14:05:03Z	2022-03-02T00:11:58Z	Section collapses when selecting request header text to copy	https://api.github.com/repos/matrix-org/matrix-spec/issues/889
888	closed	2021-08-30T08:01:36Z	2022-03-08T18:42:05Z	AuthenticationData requires `type` but fallback forbids using `type`	https://api.github.com/repos/matrix-org/matrix-spec/issues/888
887	open	2021-08-24T19:39:24Z	2022-03-02T00:11:31Z	m.login.webauthn login type	https://api.github.com/repos/matrix-org/matrix-spec/issues/887
886	closed	2021-08-19T21:22:45Z	2024-09-16T21:59:53Z	handle encryption per user instead of per device	https://api.github.com/repos/matrix-org/matrix-spec/issues/886
885	closed	2021-08-18T16:20:14Z	2022-05-28T03:06:42Z	Consider to-device for widget communication channels with clients when OAuth widgets land	https://api.github.com/repos/matrix-org/matrix-spec/issues/885
884	closed	2021-08-17T22:43:17Z	2024-08-19T11:33:49Z	Easy MSC: Migrate `server_name` to `via` to reduce confusion and better match upcoming APIs	https://api.github.com/repos/matrix-org/matrix-spec/issues/884
883	open	2021-08-12T20:23:26Z	2022-05-08T18:38:45Z	Allow providing a text alternative/caption for all media/non-text-content	https://api.github.com/repos/matrix-org/matrix-spec/issues/883
882	open	2021-08-12T20:08:11Z	2022-03-02T00:10:27Z	Media attribution fields	https://api.github.com/repos/matrix-org/matrix-spec/issues/882
881	open	2021-08-09T08:41:20Z	2023-08-22T21:43:48Z	Notification settings for spaces	https://api.github.com/repos/matrix-org/matrix-spec/issues/881
880	open	2021-08-09T05:33:37Z	2024-02-21T07:13:20Z	URL preview image of the new spec site is the membership chart	https://api.github.com/repos/matrix-org/matrix-spec/issues/880
879	closed	2021-08-08T23:17:44Z	2026-01-29T10:34:36Z	remove `m.room.message.feedback`	https://api.github.com/repos/matrix-org/matrix-spec/issues/879
878	open	2021-08-08T23:13:16Z	2022-03-02T00:09:35Z	Figure out E2EE for state events.	https://api.github.com/repos/matrix-org/matrix-spec/issues/878
877	open	2021-08-06T21:26:31Z	2022-05-28T03:07:09Z	Consider removing unsigned OTKs	https://api.github.com/repos/matrix-org/matrix-spec/issues/877
876	open	2021-08-04T20:27:22Z	2024-07-26T08:41:35Z	Spec request: Allow reporting of invites to the originating server	https://api.github.com/repos/matrix-org/matrix-spec/issues/876
875	closed	2021-08-03T12:53:04Z	2022-05-28T17:33:01Z	C2S-OpenAPI should not specify room tag format	https://api.github.com/repos/matrix-org/matrix-spec/issues/875
873	open	2021-08-01T16:55:12Z	2022-03-02T00:08:40Z	Per-room/space presence	https://api.github.com/repos/matrix-org/matrix-spec/issues/873
872	open	2021-08-01T13:16:54Z	2022-03-02T00:08:28Z	Feature request: option to store reply format nick separator to account data	https://api.github.com/repos/matrix-org/matrix-spec/issues/872
871	closed	2021-07-31T12:55:15Z	2022-03-03T11:35:03Z	Remove message "just for me"	https://api.github.com/repos/matrix-org/matrix-spec/issues/871
869	closed	2021-07-26T20:36:18Z	2022-05-28T03:07:46Z	Thoughts on mixing restricted rooms with knocking capabilities	https://api.github.com/repos/matrix-org/matrix-spec/issues/869
868	open	2021-07-26T18:25:44Z	2022-05-28T03:07:54Z	Two requests for sending media is painful for clients	https://api.github.com/repos/matrix-org/matrix-spec/issues/868
867	open	2021-07-23T20:34:19Z	2022-05-28T03:08:12Z	Room event fields say content is the HTTP body	https://api.github.com/repos/matrix-org/matrix-spec/issues/867
866	open	2021-07-23T16:28:46Z	2022-03-02T00:07:06Z	Add `X-Content-Security-Policy: sandbox` recommendation for the content repository	https://api.github.com/repos/matrix-org/matrix-spec/issues/866
865	open	2021-07-23T16:24:52Z	2022-03-02T00:06:54Z	Stop recommending deprecated CSP directive `plugin-types` in the content repository part of the spec	https://api.github.com/repos/matrix-org/matrix-spec/issues/865
864	open	2021-07-21T15:53:24Z	2022-03-02T00:06:42Z	Soft-logout should be the default on 401 errors.	https://api.github.com/repos/matrix-org/matrix-spec/issues/864
863	open	2021-07-20T03:30:59Z	2022-03-02T00:06:27Z	link to and create client compliance tests	https://api.github.com/repos/matrix-org/matrix-spec/issues/863
862	open	2021-07-15T10:32:00Z	2025-03-13T22:16:02Z	Notary server needs to clarify the exact signatures present	https://api.github.com/repos/matrix-org/matrix-spec/issues/862
861	closed	2021-07-14T14:35:03Z	2023-04-05T09:57:10Z	Default state_default of missing m.room.power_levels event is incorrect	https://api.github.com/repos/matrix-org/matrix-spec/issues/861
860	closed	2021-07-13T15:57:02Z	2022-04-05T14:01:24Z	Default invite power-level is incorrect	https://api.github.com/repos/matrix-org/matrix-spec/issues/860
859	open	2021-07-13T15:16:46Z	2022-09-07T09:32:40Z	Give clients access to the room DAG	https://api.github.com/repos/matrix-org/matrix-spec/issues/859
858	closed	2021-07-12T02:47:23Z	2022-05-28T03:08:28Z	Several broken links to /account/3pid API	https://api.github.com/repos/matrix-org/matrix-spec/issues/858
857	open	2021-07-10T20:57:10Z	2022-05-28T03:08:46Z	Use more examples across the spec	https://api.github.com/repos/matrix-org/matrix-spec/issues/857
856	open	2021-07-10T14:23:27Z	2022-03-02T00:05:05Z	Ability to notify moderators in a room	https://api.github.com/repos/matrix-org/matrix-spec/issues/856
855	open	2021-07-10T14:21:11Z	2022-03-02T00:04:52Z	Notifications based on space membership	https://api.github.com/repos/matrix-org/matrix-spec/issues/855
854	open	2021-07-06T04:11:11Z	2022-03-02T00:04:42Z	Answer/Make Call & Invite To Call On Other Device	https://api.github.com/repos/matrix-org/matrix-spec/issues/854
853	closed	2021-07-02T13:52:11Z	2022-05-28T03:09:05Z	Power level values can be ints or strings 	https://api.github.com/repos/matrix-org/matrix-spec/issues/853
852	open	2021-07-02T13:10:44Z	2024-11-15T13:52:25Z	Consider changing `/messages` to use stream ordering for events	https://api.github.com/repos/matrix-org/matrix-spec/issues/852
851	closed	2021-07-02T04:34:12Z	2022-11-08T20:49:48Z	Spec references set_sound in push rules when it means set_tweak	https://api.github.com/repos/matrix-org/matrix-spec/issues/851
850	open	2021-06-29T17:56:28Z	2022-04-14T11:15:25Z	Notifications: `room_one_to_one` push rule does not consider `m.direct` flag	https://api.github.com/repos/matrix-org/matrix-spec/issues/850
849	open	2021-06-18T15:37:16Z	2022-03-02T00:03:41Z	Clarify exact rules for encoding federation URLs	https://api.github.com/repos/matrix-org/matrix-spec/issues/849
848	open	2021-06-18T14:19:18Z	2024-04-26T09:47:07Z	Clarification needed in invite stripped state	https://api.github.com/repos/matrix-org/matrix-spec/issues/848
847	open	2021-06-16T16:07:45Z	2022-03-02T00:03:17Z	Clarify authentication for  /_matrix/identity/v2/3pid/unbind	https://api.github.com/repos/matrix-org/matrix-spec/issues/847
846	open	2021-06-16T10:41:03Z	2022-03-02T00:03:21Z	Federation of Homeserver Discovery	https://api.github.com/repos/matrix-org/matrix-spec/issues/846
845	closed	2021-06-16T02:26:44Z	2022-05-28T03:09:48Z	Update room version permalinks in MSCs once the links point to not-unstable	https://api.github.com/repos/matrix-org/matrix-spec/issues/845
844	open	2021-06-12T21:00:15Z	2025-01-23T11:54:18Z	Ambiguous `signatures` field in /_matrix/identity/v2/sign-ed25519	https://api.github.com/repos/matrix-org/matrix-spec/issues/844
843	open	2021-06-03T09:50:49Z	2022-03-02T00:02:26Z	Spec size limits are misleading	https://api.github.com/repos/matrix-org/matrix-spec/issues/843
842	open	2021-06-01T01:10:54Z	2022-05-28T03:10:00Z	Iterate on unban docs?	https://api.github.com/repos/matrix-org/matrix-spec/issues/842
841	closed	2021-05-29T11:48:36Z	2022-05-28T02:29:49Z	'content-disposition: <filename>' should be 'content-disposition: inline; filename=<filename>'	https://api.github.com/repos/matrix-org/matrix-spec/issues/841
840	open	2021-05-28T15:36:40Z	2024-06-24T15:32:03Z	Appserviceless/homeserverless ghosts/puppets (IRCv3 RELAYMSG)	https://api.github.com/repos/matrix-org/matrix-spec/issues/840
838	open	2021-05-22T16:34:52Z	2025-03-20T19:05:32Z	Clarify if forgiving-base64 is allowed	https://api.github.com/repos/matrix-org/matrix-spec/issues/838
837	open	2021-05-20T19:38:49Z	2022-03-02T00:01:42Z	[Feature Request]: Optional Phone Call Integration	https://api.github.com/repos/matrix-org/matrix-spec/issues/837
836	open	2021-05-20T16:43:19Z	2026-06-19T14:27:30Z	Ability to disable richer features per room or space.	https://api.github.com/repos/matrix-org/matrix-spec/issues/836
835	open	2021-05-20T11:45:27Z	2025-10-09T11:45:41Z	user configurable display name colors	https://api.github.com/repos/matrix-org/matrix-spec/issues/835
833	closed	2021-05-19T17:43:19Z	2025-02-13T17:29:57Z	publicRooms and thirdparty protocols lack in documentation	https://api.github.com/repos/matrix-org/matrix-spec/issues/833
832	open	2021-05-18T18:41:43Z	2022-03-02T00:00:07Z	Jumbo events and data units	https://api.github.com/repos/matrix-org/matrix-spec/issues/832
834	open	2021-05-18T05:36:42Z	2022-05-28T03:11:36Z	Provide client information on how to register	https://api.github.com/repos/matrix-org/matrix-spec/issues/834
831	open	2021-05-16T13:16:41Z	2026-05-10T17:59:02Z	Disable invites for 1:1 private DMs/direct chats by default OR ask for 2nd user's consent before actually inviting	https://api.github.com/repos/matrix-org/matrix-spec/issues/831
830	open	2021-05-15T12:14:27Z	2022-05-28T03:11:47Z	Consider replacing the public rooms list with a server-wide space	https://api.github.com/repos/matrix-org/matrix-spec/issues/830
829	open	2021-05-14T11:57:29Z	2022-05-28T03:11:55Z	Changing displayname/avatar should be O(1) witih number of rooms	https://api.github.com/repos/matrix-org/matrix-spec/issues/829
828	open	2021-05-11T13:44:57Z	2022-03-01T23:59:15Z	Optional or required properties in data/api/client-server/definitions/event.yaml	https://api.github.com/repos/matrix-org/matrix-spec/issues/828
827	open	2021-05-10T19:29:10Z	2023-05-02T11:55:53Z	Inconsistent OpenAPI titles	https://api.github.com/repos/matrix-org/matrix-spec/issues/827
826	closed	2021-05-04T16:12:15Z	2022-05-28T03:12:09Z	Document per-endpoint versioning	https://api.github.com/repos/matrix-org/matrix-spec/issues/826
825	closed	2021-05-03T15:19:07Z	2024-04-09T16:27:28Z	POST /_matrix/client/r0/login only accepts a type of m.login.password, m.login.token.	https://api.github.com/repos/matrix-org/matrix-spec/issues/825
824	open	2021-05-01T12:42:29Z	2022-05-28T03:12:21Z	The mediarepo should support transcoding image thumbnails	https://api.github.com/repos/matrix-org/matrix-spec/issues/824
823	closed	2021-04-30T19:02:22Z	2022-05-28T03:13:03Z	TOC for Feature Profiles has a lot of duplication	https://api.github.com/repos/matrix-org/matrix-spec/issues/823
822	open	2021-04-29T22:03:15Z	2023-03-21T18:46:48Z	We seem to have lost path/query parameter examples in the new spec.	https://api.github.com/repos/matrix-org/matrix-spec/issues/822
821	open	2021-04-29T15:42:16Z	2023-04-25T15:05:57Z	Navigate rooms with hashtag search function	https://api.github.com/repos/matrix-org/matrix-spec/issues/821
820	open	2021-04-28T00:33:56Z	2022-03-01T23:57:40Z	Drop `proposal-in-review` label in favour of Draft/Not state?	https://api.github.com/repos/matrix-org/matrix-spec/issues/820
819	closed	2021-04-22T16:54:02Z	2023-10-11T10:40:49Z	Remove reference to MAY keyword in local echo section	https://api.github.com/repos/matrix-org/matrix-spec/issues/819
818	open	2021-04-22T09:17:35Z	2022-03-01T23:57:11Z	[pre-MSC] rooms-as-discovery-services with zero-knowledge-proofs	https://api.github.com/repos/matrix-org/matrix-spec/issues/818
817	closed	2021-04-21T11:59:09Z	2022-05-30T21:33:56Z	Exact Federation `Authorization` header format isn't clear 	https://api.github.com/repos/matrix-org/matrix-spec/issues/817
816	open	2021-04-21T10:54:04Z	2022-03-01T23:56:42Z	[MSC stub] Tagging binary data	https://api.github.com/repos/matrix-org/matrix-spec/issues/816
815	closed	2021-04-20T22:42:04Z	2022-11-02T14:15:58Z	The example for m.key.verification.start$m.sas.v1 appears under m.key.verification.start	https://api.github.com/repos/matrix-org/matrix-spec/issues/815
814	open	2021-04-20T09:53:15Z	2022-03-01T23:56:16Z	Archived state for a room is not well defined, and state delta requirement seems unimplemented and cumbersome for clients	https://api.github.com/repos/matrix-org/matrix-spec/issues/814
813	open	2021-04-19T20:49:39Z	2022-03-01T23:56:03Z	Unclear what /user/devices should return when user or keys are not found	https://api.github.com/repos/matrix-org/matrix-spec/issues/813
812	closed	2021-04-19T20:25:52Z	2022-07-11T21:57:22Z	Remove policy room sharing mechanic	https://api.github.com/repos/matrix-org/matrix-spec/issues/812
811	open	2021-04-19T17:13:13Z	2022-03-01T23:55:33Z	Add a note under Proposals -> Process -> "Gather feedback [...]" about getting "next steps" in #matrix-spec	https://api.github.com/repos/matrix-org/matrix-spec/issues/811
810	open	2021-04-16T14:37:49Z	2022-03-01T23:55:19Z	Endpoint to query the appservice registration configuration as the appservice	https://api.github.com/repos/matrix-org/matrix-spec/issues/810
809	closed	2021-04-16T12:32:42Z	2024-11-07T14:56:54Z	Push Gateway spec states that valid Pusher URLs are more flexible than they really are	https://api.github.com/repos/matrix-org/matrix-spec/issues/809
808	open	2021-04-14T22:32:01Z	2022-05-28T03:13:51Z	Spoilers do not have an encrypted fallback	https://api.github.com/repos/matrix-org/matrix-spec/issues/808
807	open	2021-04-14T16:24:57Z	2025-01-03T15:55:34Z	We should spec the max size of an EDU over federation	https://api.github.com/repos/matrix-org/matrix-spec/issues/807
806	closed	2021-04-14T16:20:31Z	2023-04-05T14:11:00Z	Example for `m.presence` EDU is rubbish	https://api.github.com/repos/matrix-org/matrix-spec/issues/806
805	closed	2021-04-14T16:18:31Z	2022-12-21T16:23:51Z	EDU examples have incorrect `edu_type`	https://api.github.com/repos/matrix-org/matrix-spec/issues/805
804	open	2021-04-14T06:47:39Z	2023-03-13T12:13:09Z	What exactly should servers do when they receive events over federation	https://api.github.com/repos/matrix-org/matrix-spec/issues/804
803	open	2021-04-13T21:54:35Z	2022-05-28T03:14:01Z	Specify what exactly happens to events that fail signature verification	https://api.github.com/repos/matrix-org/matrix-spec/issues/803
802	closed	2021-04-13T04:21:22Z	2025-09-03T19:24:13Z	Document default join rule as `invite`	https://api.github.com/repos/matrix-org/matrix-spec/issues/802
801	open	2021-04-11T19:05:41Z	2026-04-03T09:44:45Z	Should invite_state contain the invite event?	https://api.github.com/repos/matrix-org/matrix-spec/issues/801
800	open	2021-04-11T11:59:24Z	2022-05-28T02:28:20Z	Sending invites over federation is badly specified	https://api.github.com/repos/matrix-org/matrix-spec/issues/800
799	closed	2021-04-09T15:36:19Z	2022-03-03T11:22:03Z	Redesign: Instances of %CLIENT_MAJOR_VERSION% in the text	https://api.github.com/repos/matrix-org/matrix-spec/issues/799
797	open	2021-04-07T08:12:40Z	2023-01-29T19:50:15Z	Controlled accounts	https://api.github.com/repos/matrix-org/matrix-spec/issues/797
796	closed	2021-04-06T16:51:54Z	2022-05-28T02:27:31Z	POST /_matrix/identity/v2/account/register request body shows a schema error	https://api.github.com/repos/matrix-org/matrix-spec/issues/796
795	open	2021-04-06T12:10:24Z	2022-03-01T23:52:09Z	Allow appservices to specify and manage devices	https://api.github.com/repos/matrix-org/matrix-spec/issues/795
794	closed	2021-04-06T01:48:47Z	2025-05-26T19:16:32Z	Room version vNext qualifiers	https://api.github.com/repos/matrix-org/matrix-spec/issues/794
793	closed	2021-04-06T01:37:08Z	2022-05-28T03:14:57Z	Consider prefixing access/secret tokens for automated accidental disclosure detection	https://api.github.com/repos/matrix-org/matrix-spec/issues/793
792	open	2021-03-31T23:22:35Z	2022-03-01T23:51:32Z	Identity-service API: Terms of service retrieval endpoint response is not fully specified	https://api.github.com/repos/matrix-org/matrix-spec/issues/792
791	closed	2021-03-30T19:12:15Z	2023-03-21T19:34:59Z	[Redesign] Add social links (specifically matrix itself) to footer	https://api.github.com/repos/matrix-org/matrix-spec/issues/791
790	closed	2021-03-30T19:12:01Z	2023-03-21T19:20:40Z	[Redesign] Dates in proposals table need no-wrap behaviour	https://api.github.com/repos/matrix-org/matrix-spec/issues/790
789	closed	2021-03-30T14:00:49Z	2025-04-15T13:47:23Z	Example for `/sync` response incorrectly includes `room_id` in state and timeline events	https://api.github.com/repos/matrix-org/matrix-spec/issues/789
788	closed	2021-03-25T15:08:48Z	2023-01-16T15:01:58Z	/sync should be paginated to reduce request size (and generally make it more efficient) 	https://api.github.com/repos/matrix-org/matrix-spec/issues/788
787	closed	2021-03-24T17:47:20Z	2022-05-28T13:41:55Z	Add encryption to the suggested invite_state	https://api.github.com/repos/matrix-org/matrix-spec/issues/787
786	open	2021-03-22T17:48:22Z	2022-03-01T23:50:19Z	M_BAD_JSON vs M_INVALID_PARAM	https://api.github.com/repos/matrix-org/matrix-spec/issues/786
785	closed	2021-03-15T11:51:00Z	2023-11-24T17:58:22Z	Broken link to cross-document messaging API	https://api.github.com/repos/matrix-org/matrix-spec/issues/785
784	closed	2021-03-10T18:20:46Z	2025-12-18T14:59:20Z	Create a quick reference to API endpoints	https://api.github.com/repos/matrix-org/matrix-spec/issues/784
783	closed	2021-03-10T18:18:05Z	2022-03-08T16:56:33Z	Visiting a permalink cold sometimes does not scroll to the right header	https://api.github.com/repos/matrix-org/matrix-spec/issues/783
782	open	2021-03-08T13:27:59Z	2022-03-01T23:49:25Z	Add a new state event to describe the room content	https://api.github.com/repos/matrix-org/matrix-spec/issues/782
781	open	2021-03-04T15:25:42Z	2022-03-01T23:49:11Z	Spec Redesign: Consider decreasing default font size	https://api.github.com/repos/matrix-org/matrix-spec/issues/781
780	open	2021-03-04T15:10:28Z	2022-03-01T23:48:58Z	Spec Redesign: Support filtering the sidebar	https://api.github.com/repos/matrix-org/matrix-spec/issues/780
779	open	2021-03-04T14:24:02Z	2022-03-01T23:48:45Z	Redesign: events	https://api.github.com/repos/matrix-org/matrix-spec/issues/779
778	open	2021-03-04T13:11:41Z	2022-03-01T23:48:35Z	New Spec Design: Error code descriptions should be indented	https://api.github.com/repos/matrix-org/matrix-spec/issues/778
777	closed	2021-03-04T12:59:34Z	2023-03-21T19:36:38Z	New Spec Design: Layout sometimes breaks when resizing the window or changing zoom levels	https://api.github.com/repos/matrix-org/matrix-spec/issues/777
776	closed	2021-03-04T12:30:37Z	2023-03-21T18:58:14Z	New spec design: table rows are hard to distinguish	https://api.github.com/repos/matrix-org/matrix-spec/issues/776
775	closed	2021-03-04T12:14:19Z	2022-04-29T14:54:50Z	Utilising the currently blank space on the right-hand side	https://api.github.com/repos/matrix-org/matrix-spec/issues/775
774	closed	2021-03-04T11:40:39Z	2022-05-10T19:29:30Z	prime characters (') are almost invisible	https://api.github.com/repos/matrix-org/matrix-spec/issues/774
773	open	2021-02-25T13:03:13Z	2022-03-01T23:47:19Z	Reset password requests should not respond failure or success	https://api.github.com/repos/matrix-org/matrix-spec/issues/773
772	open	2021-02-23T15:43:41Z	2022-05-28T03:15:49Z	Appservice registration schema is incomplete	https://api.github.com/repos/matrix-org/matrix-spec/issues/772
771	open	2021-02-23T07:27:41Z	2022-05-28T03:15:44Z	Consider a reader/printer-friendly mode	https://api.github.com/repos/matrix-org/matrix-spec/issues/771
770	open	2021-02-20T11:05:33Z	2022-12-06T14:27:23Z	Limits API	https://api.github.com/repos/matrix-org/matrix-spec/issues/770
769	open	2021-02-15T18:50:21Z	2022-03-01T23:46:29Z	Bridges cannot determine if/when a user is deactived	https://api.github.com/repos/matrix-org/matrix-spec/issues/769
798	open	2021-02-15T12:07:48Z	2022-05-28T03:16:55Z	Mobile Private Contact Discovery at Scale	https://api.github.com/repos/matrix-org/matrix-spec/issues/798
768	open	2021-02-10T16:19:32Z	2022-05-28T03:17:06Z	Undefined behaviour for room directory entries when a HS is no longer present in a room	https://api.github.com/repos/matrix-org/matrix-spec/issues/768
767	open	2021-02-03T10:01:46Z	2022-05-28T03:17:20Z	Improve sample for https://matrix.org/docs/spec/client_server/r0.6.1#get-matrix-media-r0-preview-url	https://api.github.com/repos/matrix-org/matrix-spec/issues/767
766	closed	2021-01-31T19:35:24Z	2022-05-28T03:17:58Z	Spec has broken links to "POST /_matrix/client/r0/account/3pid"	https://api.github.com/repos/matrix-org/matrix-spec/issues/766
765	closed	2021-01-31T19:22:59Z	2022-05-28T03:18:16Z	Spec refers to "token-based login" which seems to no longer exist.	https://api.github.com/repos/matrix-org/matrix-spec/issues/765
764	open	2021-01-29T14:02:12Z	2023-09-07T09:29:44Z	Message Drafts	https://api.github.com/repos/matrix-org/matrix-spec/issues/764
763	open	2021-01-27T19:45:42Z	2022-05-28T03:18:41Z	Ability to hide profile picture	https://api.github.com/repos/matrix-org/matrix-spec/issues/763
762	open	2021-01-24T20:01:08Z	2023-03-21T19:12:12Z	Add left padding to ToC items	https://api.github.com/repos/matrix-org/matrix-spec/issues/762
761	open	2021-01-24T20:00:00Z	2022-08-02T22:56:42Z	Make block widths consistent	https://api.github.com/repos/matrix-org/matrix-spec/issues/761
760	open	2021-01-24T19:58:44Z	2022-03-01T23:44:25Z	Consider de-emphasising section numbers in the ToC	https://api.github.com/repos/matrix-org/matrix-spec/issues/760
759	open	2021-01-22T16:22:34Z	2023-06-07T10:05:10Z	Improve server-side event search	https://api.github.com/repos/matrix-org/matrix-spec/issues/759
758	open	2021-01-20T11:27:47Z	2022-03-01T23:44:14Z	UIA fallback completion mechanism does not work well on mobile devices	https://api.github.com/repos/matrix-org/matrix-spec/issues/758
757	open	2021-01-19T17:10:07Z	2022-05-28T03:19:53Z	OpenID endpoints don't say how to validate the returned user ID	https://api.github.com/repos/matrix-org/matrix-spec/issues/757
756	closed	2021-01-18T21:08:01Z	2022-05-28T03:20:03Z	/store-invite 400 error schema and example disagree	https://api.github.com/repos/matrix-org/matrix-spec/issues/756
755	open	2021-01-18T18:39:42Z	2023-07-10T11:31:49Z	Simplify email invite process	https://api.github.com/repos/matrix-org/matrix-spec/issues/755
754	open	2021-01-16T04:41:59Z	2022-05-28T03:21:06Z	3PID removal after losing access to account it was mapped to	https://api.github.com/repos/matrix-org/matrix-spec/issues/754
753	closed	2021-01-15T17:12:07Z	2022-05-31T12:13:49Z	Spec a ?brand for identity server comms	https://api.github.com/repos/matrix-org/matrix-spec/issues/753
752	open	2021-01-14T15:36:59Z	2022-05-28T03:21:24Z	if /send_join fails, you end up half-joined to a room	https://api.github.com/repos/matrix-org/matrix-spec/issues/752
751	closed	2021-01-13T12:59:27Z	2025-01-02T12:22:15Z	Proposals doesn't really explain what a MSC is	https://api.github.com/repos/matrix-org/matrix-spec/issues/751
750	open	2021-01-11T22:48:14Z	2022-05-28T03:21:52Z	XMPP-Like Data Forms	https://api.github.com/repos/matrix-org/matrix-spec/issues/750
749	closed	2021-01-11T21:05:12Z	2022-06-15T06:32:57Z	OpenAPI: Timestamps should be int64	https://api.github.com/repos/matrix-org/matrix-spec/issues/749
748	open	2021-01-07T17:05:40Z	2025-02-24T13:02:40Z	Spec unclear on how to make a `key_validity_url` for `m.room.third_party_invite` at the root level	https://api.github.com/repos/matrix-org/matrix-spec/issues/748
747	closed	2021-01-07T16:31:52Z	2022-05-28T02:26:54Z	/store-invite is wrong about public_keys	https://api.github.com/repos/matrix-org/matrix-spec/issues/747
746	closed	2021-01-07T05:13:33Z	2023-03-21T19:14:50Z	New spec: Table of contents gets confused by the two invite endpoints	https://api.github.com/repos/matrix-org/matrix-spec/issues/746
745	closed	2021-01-07T05:11:15Z	2023-03-21T19:32:06Z	New spec: 200 OK example missing for /invite	https://api.github.com/repos/matrix-org/matrix-spec/issues/745
744	open	2021-01-06T17:04:35Z	2022-03-01T23:41:03Z	Consider permitting any user under an appservice to GET information about a room, if any appservice user is joined	https://api.github.com/repos/matrix-org/matrix-spec/issues/744
743	open	2021-01-05T12:10:20Z	2022-03-01T23:40:51Z	AS spec doesn't state which events should be pushed under the "Pushing events" header	https://api.github.com/repos/matrix-org/matrix-spec/issues/743
742	closed	2021-01-04T19:18:55Z	2023-07-04T18:32:49Z	Example for POST /identity/v2/terms is wrong	https://api.github.com/repos/matrix-org/matrix-spec/issues/742
740	closed	2021-01-01T03:58:55Z	2023-09-27T12:42:15Z	/keys/signatures/upload says that the request format has 'no parameters'	https://api.github.com/repos/matrix-org/matrix-spec/issues/740
741	open	2020-12-31T19:50:14Z	2024-09-22T11:36:09Z	Contact List & Renaming Contacts	https://api.github.com/repos/matrix-org/matrix-spec/issues/741
739	open	2020-12-30T06:14:59Z	2022-05-28T03:25:02Z	Allow the room directory to order by relevance rather than population	https://api.github.com/repos/matrix-org/matrix-spec/issues/739
738	open	2020-12-27T14:26:23Z	2022-05-28T03:25:11Z	matrix.to parameter to prefill HS	https://api.github.com/repos/matrix-org/matrix-spec/issues/738
737	closed	2020-12-22T18:05:54Z	2022-05-26T18:47:11Z	Section for inviting users is actually under 'Joining'	https://api.github.com/repos/matrix-org/matrix-spec/issues/737
736	open	2020-12-17T12:43:27Z	2022-05-28T03:25:20Z	Consider making `inhibit_login` default to true for appservices	https://api.github.com/repos/matrix-org/matrix-spec/issues/736
735	closed	2020-12-17T12:30:59Z	2022-05-28T03:25:58Z	Implement LBRY as a file/media transport.	https://api.github.com/repos/matrix-org/matrix-spec/issues/735
734	closed	2020-12-15T17:08:10Z	2023-03-21T19:12:59Z	Top-level breadcrumbs don't look like breadcrumbs	https://api.github.com/repos/matrix-org/matrix-spec/issues/734
733	closed	2020-12-15T16:55:49Z	2022-04-29T16:01:30Z	Cannot select section numbers for copy/paste	https://api.github.com/repos/matrix-org/matrix-spec/issues/733
732	open	2020-12-15T13:20:42Z	2025-09-12T08:15:59Z	Clarify UI authentication behavior around resubmitting the original request	https://api.github.com/repos/matrix-org/matrix-spec/issues/732
731	closed	2020-12-14T11:44:35Z	2022-05-28T03:26:40Z	Add suggested (informational) client backwards compatibility policy	https://api.github.com/repos/matrix-org/matrix-spec/issues/731
730	closed	2020-12-12T00:06:21Z	2023-04-25T14:32:25Z	Rooms as VoIP/Rooms as Video	https://api.github.com/repos/matrix-org/matrix-spec/issues/730
729	closed	2020-12-10T16:52:22Z	2025-08-07T09:56:40Z	Room upgrades section doesn't mention how you're supposed to join the new room ID	https://api.github.com/repos/matrix-org/matrix-spec/issues/729
728	closed	2020-12-10T01:25:25Z	2022-05-28T05:42:40Z	Set a published date on static spec builds to fix search engines	https://api.github.com/repos/matrix-org/matrix-spec/issues/728
727	open	2020-12-07T19:36:29Z	2022-05-28T03:27:31Z	Cross-signing leaks metadata to the server about who trusts who.	https://api.github.com/repos/matrix-org/matrix-spec/issues/727
726	open	2020-12-07T17:11:29Z	2022-03-01T23:37:14Z	Consider a render mode where deprecated APIs aren't included	https://api.github.com/repos/matrix-org/matrix-spec/issues/726
725	closed	2020-12-06T20:11:28Z	2022-05-28T03:29:18Z	Ability to mint access_tokens with restricted scope.	https://api.github.com/repos/matrix-org/matrix-spec/issues/725
724	open	2020-11-30T16:30:14Z	2022-05-28T03:29:26Z	Add some way to automatically expire stale devices	https://api.github.com/repos/matrix-org/matrix-spec/issues/724
723	open	2020-11-29T11:43:16Z	2022-05-28T03:29:50Z	Making bridges more accessible 	https://api.github.com/repos/matrix-org/matrix-spec/issues/723
722	open	2020-11-25T20:05:36Z	2022-05-28T03:30:01Z	Explicit key verification signaling	https://api.github.com/repos/matrix-org/matrix-spec/issues/722
721	open	2020-11-20T12:23:43Z	2022-03-01T23:36:01Z	voip call events leak internal IP addresses	https://api.github.com/repos/matrix-org/matrix-spec/issues/721
720	open	2020-11-16T12:55:43Z	2023-03-14T14:34:31Z	/join/{roomId} mixes query-params and POST request	https://api.github.com/repos/matrix-org/matrix-spec/issues/720
719	closed	2020-11-16T12:03:14Z	2022-05-31T20:44:15Z	.well-known everywhere	https://api.github.com/repos/matrix-org/matrix-spec/issues/719
1576	closed	2020-11-11T22:32:19Z	2023-08-04T19:43:28Z	Register Server Port at IANA	https://api.github.com/repos/matrix-org/matrix-spec/issues/1576
717	open	2020-11-06T15:18:50Z	2022-05-31T20:44:37Z	Soft Logout does not play well on servers with multiple login flows	https://api.github.com/repos/matrix-org/matrix-spec/issues/717
716	closed	2020-11-06T11:48:13Z	2022-06-14T15:35:19Z	Authentication data should be a map of strings to anything, not to objects	https://api.github.com/repos/matrix-org/matrix-spec/issues/716
715	closed	2020-11-06T07:08:15Z	2022-05-31T20:47:12Z	Sample events for reproducible and replayable VoIP over Matrix	https://api.github.com/repos/matrix-org/matrix-spec/issues/715
714	open	2020-11-05T10:38:13Z	2022-03-01T23:34:41Z	Base push rule `.m.rule.contains_user_name` doesn't check formatted body	https://api.github.com/repos/matrix-org/matrix-spec/issues/714
713	open	2020-11-03T15:29:18Z	2022-05-31T20:47:53Z	Allow appservices to specify a reccomended maximum TTL time of a transaction	https://api.github.com/repos/matrix-org/matrix-spec/issues/713
712	closed	2020-10-30T15:15:53Z	2022-05-31T20:48:32Z	Link in spec leading nowhere	https://api.github.com/repos/matrix-org/matrix-spec/issues/712
711	open	2020-10-30T12:23:27Z	2022-03-02T17:09:57Z	Consider removing the `sender` field from the StrippedState schema	https://api.github.com/repos/matrix-org/matrix-spec/issues/711
710	open	2020-10-30T11:53:51Z	2025-04-25T11:43:48Z	auth rules refer to 'required power level' but do not define it	https://api.github.com/repos/matrix-org/matrix-spec/issues/710
709	closed	2020-10-29T17:48:49Z	2023-04-06T08:57:32Z	Appendices: Room ID grammar confusingly mentions events	https://api.github.com/repos/matrix-org/matrix-spec/issues/709
708	open	2020-10-28T23:09:36Z	2022-03-01T23:33:24Z	MSC links for security considerations section of policy lists are broken	https://api.github.com/repos/matrix-org/matrix-spec/issues/708
707	open	2020-10-21T19:46:50Z	2022-05-31T20:49:58Z	Clarify what makes using m.* wrong, and what a server should do with events created in that namespace	https://api.github.com/repos/matrix-org/matrix-spec/issues/707
706	open	2020-10-20T23:10:23Z	2022-05-31T20:50:17Z	Clarify sha1 representation in state resolution sort	https://api.github.com/repos/matrix-org/matrix-spec/issues/706
705	open	2020-10-17T20:53:47Z	2022-05-31T21:13:07Z	/send's `pdus` field should be optional	https://api.github.com/repos/matrix-org/matrix-spec/issues/705
704	open	2020-10-12T11:41:32Z	2022-03-01T23:32:36Z	Send abuse reports to an appservice via the transations API	https://api.github.com/repos/matrix-org/matrix-spec/issues/704
703	closed	2020-10-06T20:37:43Z	2025-02-03T11:19:16Z	CSS changes for better readability	https://api.github.com/repos/matrix-org/matrix-spec/issues/703
702	open	2020-10-01T22:17:39Z	2025-10-14T19:20:55Z	Delayed messages 	https://api.github.com/repos/matrix-org/matrix-spec/issues/702
701	closed	2020-10-01T18:16:00Z	2024-04-10T17:05:10Z	Stop using 'should' as a verb for joining mandatory conditions	https://api.github.com/repos/matrix-org/matrix-spec/issues/701
700	open	2020-10-01T03:38:24Z	2022-05-31T21:16:10Z	Per-room configurable quick reactions	https://api.github.com/repos/matrix-org/matrix-spec/issues/700
699	closed	2020-09-30T22:36:40Z	2022-10-12T12:36:03Z	Auth rules wrongly claim that users can demote others of the same power level	https://api.github.com/repos/matrix-org/matrix-spec/issues/699
698	closed	2020-09-30T14:27:57Z	2025-04-15T13:47:23Z	GET /_matrix/client/r0/rooms/{roomId}/members example contradicts the spec	https://api.github.com/repos/matrix-org/matrix-spec/issues/698
697	open	2020-09-28T16:48:09Z	2022-03-01T23:31:10Z	"state at" is ambiguous	https://api.github.com/repos/matrix-org/matrix-spec/issues/697
695	open	2020-09-22T19:58:54Z	2022-03-01T23:30:48Z	Clarify/cross-reference the signing section of the appendices with the s2s spec	https://api.github.com/repos/matrix-org/matrix-spec/issues/695
694	open	2020-09-20T12:39:33Z	2023-04-25T14:57:32Z	Public room directory response should allow for extra fields	https://api.github.com/repos/matrix-org/matrix-spec/issues/694
693	open	2020-09-18T16:09:52Z	2025-01-27T13:44:34Z	handling a base URL with a sub-path is ambiguous	https://api.github.com/repos/matrix-org/matrix-spec/issues/693
692	open	2020-09-16T13:23:54Z	2022-05-31T21:18:37Z	Add a CS API to validate the user password	https://api.github.com/repos/matrix-org/matrix-spec/issues/692
696	open	2020-09-15T12:19:27Z	2022-05-31T21:18:52Z	Document minimum TLS requirements.	https://api.github.com/repos/matrix-org/matrix-spec/issues/696
691	open	2020-09-09T18:31:27Z	2025-07-14T21:47:11Z	A way to identify which homeservers are part of a given federation	https://api.github.com/repos/matrix-org/matrix-spec/issues/691
690	open	2020-09-07T17:06:35Z	2022-03-01T23:29:48Z	Clarification: Should retrieving a single event return an array	https://api.github.com/repos/matrix-org/matrix-spec/issues/690
689	open	2020-09-05T18:50:58Z	2022-03-01T23:29:32Z	Widgets exacerbate the lowerCamelCase mixed with snake_case problem	https://api.github.com/repos/matrix-org/matrix-spec/issues/689
688	open	2020-09-01T18:55:18Z	2022-03-01T22:58:14Z	Spec writing: put common values like senders, room IDs, aliases, etc in a shared location 	https://api.github.com/repos/matrix-org/matrix-spec/issues/688
687	closed	2020-09-01T14:13:38Z	2024-04-16T17:50:12Z	m.login.token Login Type is unclear now that it doesn't have a reference to UIA to lean on	https://api.github.com/repos/matrix-org/matrix-spec/issues/687
686	closed	2020-08-27T12:28:44Z	2023-04-18T12:18:04Z	Filters are confusing	https://api.github.com/repos/matrix-org/matrix-spec/issues/686
685	open	2020-08-26T19:49:01Z	2022-05-31T21:21:26Z	'bit 63' when discussing generating the IV is unclear	https://api.github.com/repos/matrix-org/matrix-spec/issues/685
684	closed	2020-08-21T14:09:41Z	2026-08-11T10:50:07Z	Clarify that OpenID is actually OpenID Connect	https://api.github.com/repos/matrix-org/matrix-spec/issues/684
683	closed	2020-08-20T16:37:11Z	2022-05-31T21:22:56Z	Put conclusions about lazy-loading /members behaviour in the spec	https://api.github.com/repos/matrix-org/matrix-spec/issues/683
682	closed	2020-08-20T16:31:29Z	2024-04-10T17:04:59Z	Lazy-loading has a MAY keyword	https://api.github.com/repos/matrix-org/matrix-spec/issues/682
681	open	2020-08-18T18:09:59Z	2025-09-10T18:05:36Z	Clarify that UIA sessions cannot have request parameters changed	https://api.github.com/repos/matrix-org/matrix-spec/issues/681
680	open	2020-08-18T04:27:32Z	2022-03-01T22:56:45Z	Push notification rules should make sure to skip reply part of message	https://api.github.com/repos/matrix-org/matrix-spec/issues/680
679	closed	2020-08-17T16:40:07Z	2022-06-09T16:22:04Z	Application service API authentication requires `access_token` to be in the query parameters	https://api.github.com/repos/matrix-org/matrix-spec/issues/679
678	open	2020-08-12T13:28:22Z	2022-05-31T21:24:48Z	Unclear whether state_key/sender match rule also applies for join -> join	https://api.github.com/repos/matrix-org/matrix-spec/issues/678
677	open	2020-08-12T11:28:10Z	2023-06-26T23:00:37Z	We should not require pusher URLs to be on a specific path	https://api.github.com/repos/matrix-org/matrix-spec/issues/677
676	closed	2020-08-07T20:03:44Z	2022-08-16T17:12:11Z	Login/register endpoints say the device_id and stuff aren't required in the response	https://api.github.com/repos/matrix-org/matrix-spec/issues/676
675	open	2020-08-05T10:06:16Z	2023-12-12T06:11:55Z	Autodeclining DM invitations	https://api.github.com/repos/matrix-org/matrix-spec/issues/675
674	open	2020-08-04T15:47:38Z	2022-05-31T21:26:19Z	/profile body parameters: required not omittable	https://api.github.com/repos/matrix-org/matrix-spec/issues/674
673	open	2020-08-03T14:45:58Z	2022-05-31T21:27:02Z	Hide from user	https://api.github.com/repos/matrix-org/matrix-spec/issues/673
672	open	2020-07-30T15:41:45Z	2022-12-14T15:31:43Z	Ephemeral User ID's	https://api.github.com/repos/matrix-org/matrix-spec/issues/672
671	closed	2020-07-29T17:10:38Z	2022-10-05T09:02:28Z	disagreement in one_time_keys_count name	https://api.github.com/repos/matrix-org/matrix-spec/issues/671
670	open	2020-07-29T11:34:47Z	2023-05-24T13:44:24Z	Federation: wrong endpoint for device list resync	https://api.github.com/repos/matrix-org/matrix-spec/issues/670
669	open	2020-07-28T16:04:16Z	2022-03-01T22:54:21Z	Implement temporary bans	https://api.github.com/repos/matrix-org/matrix-spec/issues/669
668	closed	2020-07-28T14:43:26Z	2022-11-08T21:57:44Z	.m.rule.master has higher priority than user-added push rules	https://api.github.com/repos/matrix-org/matrix-spec/issues/668
667	closed	2020-07-25T20:35:35Z	2023-02-21T18:17:13Z	Proposal lifetime states say the implementation comes after the FCP	https://api.github.com/repos/matrix-org/matrix-spec/issues/667
666	closed	2020-07-24T14:51:07Z	2022-05-31T21:32:17Z	'Work in progress' section of MSC list includes 'rejected' proposals	https://api.github.com/repos/matrix-org/matrix-spec/issues/666
665	open	2020-07-23T02:31:21Z	2026-06-25T09:31:25Z	Mechanism to retrospectively encrypt old unencrypted messages	https://api.github.com/repos/matrix-org/matrix-spec/issues/665
664	open	2020-07-22T16:28:16Z	2022-05-31T21:33:59Z	add a way to delete cross-signing signatures	https://api.github.com/repos/matrix-org/matrix-spec/issues/664
1333	open	2020-07-13T14:49:20Z	2025-03-27T14:18:24Z	Clearing messages from a room without deleting the whole room	https://api.github.com/repos/matrix-org/matrix-spec/issues/1333
663	open	2020-07-10T22:13:19Z	2022-03-01T22:53:09Z	Unspecced default filter behaviour	https://api.github.com/repos/matrix-org/matrix-spec/issues/663
662	open	2020-07-10T16:43:20Z	2022-03-01T22:52:58Z	Unspecced 'sender' field on presence events in /sync	https://api.github.com/repos/matrix-org/matrix-spec/issues/662
661	open	2020-07-08T02:26:31Z	2022-03-01T22:52:45Z	Spec guest_access_token on /register	https://api.github.com/repos/matrix-org/matrix-spec/issues/661
660	open	2020-07-07T21:45:30Z	2024-10-15T21:34:34Z	Encryption for message relationships	https://api.github.com/repos/matrix-org/matrix-spec/issues/660
659	open	2020-07-03T14:31:27Z	2023-03-06T22:00:09Z	PUT /_matrix/client/r0/rooms/{roomId}/redact/{eventId}/{txnId} makes no sense	https://api.github.com/repos/matrix-org/matrix-spec/issues/659
658	open	2020-07-01T05:09:43Z	2022-03-01T22:52:07Z	English: If sender's domain doesn't matches state_key, reject.	https://api.github.com/repos/matrix-org/matrix-spec/issues/658
657	open	2020-06-30T12:42:54Z	2024-12-13T14:22:05Z	what is the default 'join' behaviour if a room lacks a 'join_rules' event?	https://api.github.com/repos/matrix-org/matrix-spec/issues/657
656	open	2020-06-25T19:24:01Z	2022-03-01T22:51:49Z	Thumbnail method isn't required and has no default	https://api.github.com/repos/matrix-org/matrix-spec/issues/656
655	open	2020-06-24T11:19:51Z	2022-03-01T22:51:31Z	Inconsistency on the presence of unread notifications counters in sync responses	https://api.github.com/repos/matrix-org/matrix-spec/issues/655
654	open	2020-06-21T15:53:27Z	2022-03-01T22:51:24Z	Logins are a bit confusing	https://api.github.com/repos/matrix-org/matrix-spec/issues/654
653	open	2020-06-20T03:01:16Z	2022-03-01T22:51:09Z	Signatures object is not defined explicitly	https://api.github.com/repos/matrix-org/matrix-spec/issues/653
652	closed	2020-06-20T01:55:06Z	2023-04-27T08:47:29Z	Identity Server Domain Signature type name mismatch	https://api.github.com/repos/matrix-org/matrix-spec/issues/652
651	open	2020-06-19T14:13:01Z	2022-03-01T22:50:44Z	what is the actual point of per-room pushrules?	https://api.github.com/repos/matrix-org/matrix-spec/issues/651
650	open	2020-06-19T10:57:01Z	2022-03-01T22:50:33Z	what does a push rule tweak of `sound` with no `value` do?	https://api.github.com/repos/matrix-org/matrix-spec/issues/650
649	open	2020-06-17T12:35:30Z	2022-03-01T22:50:20Z	.m.rule.call should probably be an override rather than an underride rule	https://api.github.com/repos/matrix-org/matrix-spec/issues/649
648	closed	2020-06-17T09:51:47Z	2023-03-07T16:18:54Z	event_match key in push rule conditions does not cater for field names with dots	https://api.github.com/repos/matrix-org/matrix-spec/issues/648
647	closed	2020-06-12T14:16:00Z	2022-11-08T19:21:27Z	how much can default push rules be reconfigured?	https://api.github.com/repos/matrix-org/matrix-spec/issues/647
646	open	2020-06-12T14:12:38Z	2022-03-01T22:49:44Z	"default" is poorly defined in PushRule response	https://api.github.com/repos/matrix-org/matrix-spec/issues/646
645	closed	2020-06-11T15:52:15Z	2022-11-08T19:20:40Z	PushRule endpoint has wrong description	https://api.github.com/repos/matrix-org/matrix-spec/issues/645
644	open	2020-06-11T12:03:41Z	2026-04-15T11:00:26Z	definition of "unread count" in push gateway API does not match reality	https://api.github.com/repos/matrix-org/matrix-spec/issues/644
643	closed	2020-06-10T11:36:44Z	2023-04-28T09:08:55Z	remove unused `dont_notify` and `coalesce` push actions	https://api.github.com/repos/matrix-org/matrix-spec/issues/643
642	closed	2020-06-10T11:33:15Z	2022-04-14T11:24:57Z	broken links to 'receiving notifications' in the C-S spec	https://api.github.com/repos/matrix-org/matrix-spec/issues/642
641	closed	2020-06-09T18:06:47Z	2024-04-16T17:44:29Z	Login fallback is at the wrong heading level	https://api.github.com/repos/matrix-org/matrix-spec/issues/641
640	closed	2020-06-09T17:48:46Z	2024-07-05T10:54:43Z	Login fallback spec & implementation mismatch	https://api.github.com/repos/matrix-org/matrix-spec/issues/640
639	open	2020-06-09T17:45:10Z	2022-03-01T22:48:21Z	We have a bunch of notes that aren't note blocks	https://api.github.com/repos/matrix-org/matrix-spec/issues/639
638	open	2020-06-09T11:10:56Z	2022-03-01T22:48:10Z	the spec doesn't explicitly say that you stop executing push rules after the first one that matches	https://api.github.com/repos/matrix-org/matrix-spec/issues/638
637	closed	2020-06-09T10:51:31Z	2024-08-01T14:33:43Z	properly remove per-device push rules	https://api.github.com/repos/matrix-org/matrix-spec/issues/637
636	closed	2020-06-08T17:53:29Z	2025-11-05T06:58:06Z	Consider replacing our auth system with OAuth2	https://api.github.com/repos/matrix-org/matrix-spec/issues/636
635	open	2020-06-06T19:47:07Z	2022-03-01T22:47:31Z	Add a way for bots/bridges to be force-joined rather than invited to rooms	https://api.github.com/repos/matrix-org/matrix-spec/issues/635
634	closed	2020-06-05T16:13:00Z	2024-12-30T20:09:58Z	Replace "OpenMarket Ltd" with "The Matrix.org Foundation C.I.C." in copyright notices	https://api.github.com/repos/matrix-org/matrix-spec/issues/634
633	closed	2020-06-05T13:15:54Z	2025-11-13T10:58:02Z	what is a "public room"	https://api.github.com/repos/matrix-org/matrix-spec/issues/633
632	open	2020-06-04T17:43:59Z	2022-03-01T22:46:54Z	Remove/replace state key example with a real event	https://api.github.com/repos/matrix-org/matrix-spec/issues/632
631	open	2020-06-03T14:07:12Z	2022-03-01T22:46:43Z	Spec hs_disabled server notice type	https://api.github.com/repos/matrix-org/matrix-spec/issues/631
630	open	2020-06-02T19:13:09Z	2022-03-01T22:46:31Z	Find ways of making the protocol easier on implementations.	https://api.github.com/repos/matrix-org/matrix-spec/issues/630
629	closed	2020-06-02T19:13:08Z	2022-05-28T02:22:40Z	/r0/events is duplicated	https://api.github.com/repos/matrix-org/matrix-spec/issues/629
628	open	2020-05-28T11:39:10Z	2022-03-01T22:46:05Z	Clarify which types of events can or cannot be sent using to-device messaging	https://api.github.com/repos/matrix-org/matrix-spec/issues/628
627	closed	2020-05-26T14:22:33Z	2024-11-09T16:00:35Z	Login with QR code AND cross-signing in one shot 	https://api.github.com/repos/matrix-org/matrix-spec/issues/627
626	closed	2020-05-25T18:43:08Z	2025-01-13T11:19:15Z	Decide which Content-Disposition header the media repo serves	https://api.github.com/repos/matrix-org/matrix-spec/issues/626
625	open	2020-05-23T07:21:34Z	2025-10-01T08:54:50Z	Clarify access token grammar	https://api.github.com/repos/matrix-org/matrix-spec/issues/625
624	open	2020-05-21T21:08:18Z	2022-03-01T22:45:17Z	let's upgrade all public rooms from v1 and spec that all v1 rooms should be frozen henceforth	https://api.github.com/repos/matrix-org/matrix-spec/issues/624
623	open	2020-05-20T09:01:43Z	2022-03-01T22:45:04Z	Extending the limited m.read receipts [Feature]	https://api.github.com/repos/matrix-org/matrix-spec/issues/623
622	open	2020-05-18T20:02:39Z	2022-03-01T22:44:48Z	Should we kill device IDs, replacing them with hashes of your e2e device identity key?	https://api.github.com/repos/matrix-org/matrix-spec/issues/622
621	open	2020-05-14T13:50:49Z	2022-03-01T22:44:35Z	Improve error codes for room directory	https://api.github.com/repos/matrix-org/matrix-spec/issues/621
620	open	2020-05-13T09:14:34Z	2022-03-01T22:44:25Z	Publicly advertise bridged accounts and rooms	https://api.github.com/repos/matrix-org/matrix-spec/issues/620
619	open	2020-05-12T23:59:16Z	2022-05-04T15:27:23Z	The v2 room spec incorrectly seems to imply that you have to transitively walk the DAG for state res to work	https://api.github.com/repos/matrix-org/matrix-spec/issues/619
618	open	2020-05-11T16:44:08Z	2022-03-01T22:44:00Z	push api does not define a mechanism to indicate a push failed	https://api.github.com/repos/matrix-org/matrix-spec/issues/618
617	open	2020-05-07T17:26:28Z	2022-03-01T22:43:48Z	Room power levels for community members	https://api.github.com/repos/matrix-org/matrix-spec/issues/617
616	open	2020-05-06T22:46:16Z	2025-12-01T12:51:02Z	Add E2EE-Off Config to matrix spec	https://api.github.com/repos/matrix-org/matrix-spec/issues/616
615	open	2020-05-01T01:29:05Z	2022-03-01T22:43:36Z	spec is unclear about how to handle strings when a number is expected	https://api.github.com/repos/matrix-org/matrix-spec/issues/615
614	closed	2020-04-28T01:59:42Z	2022-09-26T15:52:52Z	Stipulate that private rooms should be E2EE by default from now on	https://api.github.com/repos/matrix-org/matrix-spec/issues/614
613	closed	2020-04-22T19:41:49Z	2024-08-14T17:51:13Z	Federation API spec does not declare fields as required for /_matrix/key/v2/server	https://api.github.com/repos/matrix-org/matrix-spec/issues/613
612	open	2020-04-20T15:30:02Z	2022-03-21T05:19:40Z	Ability to mark messages as unread	https://api.github.com/repos/matrix-org/matrix-spec/issues/612
611	open	2020-04-17T10:11:07Z	2024-04-09T18:28:31Z	Room identifier grammar: Is the localpart allowed to be empty?	https://api.github.com/repos/matrix-org/matrix-spec/issues/611
610	open	2020-04-16T15:38:05Z	2024-04-09T18:31:28Z	Authentication: It is unclear whether `@` belongs to the localpart of a user ID	https://api.github.com/repos/matrix-org/matrix-spec/issues/610
609	open	2020-04-15T16:10:38Z	2022-03-01T22:42:02Z	Push API should support multiple notifications in a single push (bulk API)	https://api.github.com/repos/matrix-org/matrix-spec/issues/609
608	open	2020-04-15T06:06:29Z	2023-03-21T18:35:14Z	C-S /login response does not require any fields	https://api.github.com/repos/matrix-org/matrix-spec/issues/608
607	open	2020-04-13T18:17:39Z	2022-03-01T22:41:31Z	Document best practices for rotating cross-signing keys	https://api.github.com/repos/matrix-org/matrix-spec/issues/607
606	closed	2020-04-13T09:51:45Z	2022-12-14T10:53:51Z	CNAME should be explicitly allowed or disallowed in server name resolution spec	https://api.github.com/repos/matrix-org/matrix-spec/issues/606
605	open	2020-04-08T06:59:32Z	2022-03-01T22:41:07Z	Maybe illegitimise incorrect image dimensions	https://api.github.com/repos/matrix-org/matrix-spec/issues/605
604	open	2020-04-06T14:38:13Z	2022-12-24T07:27:25Z	mechanism for a homeserver to suggest a default jitsi server to use for clients	https://api.github.com/repos/matrix-org/matrix-spec/issues/604
603	open	2020-04-01T16:16:27Z	2022-03-01T22:40:37Z	CiphertextInfo properties should be marked as required.	https://api.github.com/repos/matrix-org/matrix-spec/issues/603
602	open	2020-03-30T15:42:03Z	2022-03-01T22:40:25Z	Eidas integration	https://api.github.com/repos/matrix-org/matrix-spec/issues/602
601	closed	2020-03-30T12:42:11Z	2022-04-05T16:24:17Z	Need a way to paginate forwards from the start of a room's timeline	https://api.github.com/repos/matrix-org/matrix-spec/issues/601
600	open	2020-03-25T05:30:56Z	2023-01-12T19:46:27Z	Push notifications server behaviour section is empty	https://api.github.com/repos/matrix-org/matrix-spec/issues/600
599	open	2020-03-18T10:59:25Z	2022-03-01T22:39:48Z	spec uses non-British English in many places	https://api.github.com/repos/matrix-org/matrix-spec/issues/599
598	open	2020-03-14T22:58:58Z	2022-03-01T22:39:37Z	StateFilter and RoomEventFilter for filter API are duplicates	https://api.github.com/repos/matrix-org/matrix-spec/issues/598
597	closed	2020-03-14T18:44:13Z	2023-06-08T13:19:13Z	Modern encryption	https://api.github.com/repos/matrix-org/matrix-spec/issues/597
596	open	2020-03-12T15:44:31Z	2022-03-01T22:39:08Z	update key backup to include the backup version (unencrypted) in SSSS	https://api.github.com/repos/matrix-org/matrix-spec/issues/596
595	open	2020-03-04T01:31:21Z	2022-03-01T22:38:55Z	Incorrect and unclear description of `prev_batch` usage for /sync	https://api.github.com/repos/matrix-org/matrix-spec/issues/595
594	open	2020-02-28T01:41:52Z	2025-06-05T12:52:38Z	Notification preferences using message tags	https://api.github.com/repos/matrix-org/matrix-spec/issues/594
593	open	2020-02-23T23:10:54Z	2022-03-01T22:38:29Z	the grammar / format of filter IDs are not specced	https://api.github.com/repos/matrix-org/matrix-spec/issues/593
592	open	2020-02-21T05:16:01Z	2022-03-01T22:38:16Z	/context API doesn't specify how pagination works	https://api.github.com/repos/matrix-org/matrix-spec/issues/592
591	open	2020-02-20T10:21:39Z	2022-03-01T22:38:05Z	let push rules be published as state events?	https://api.github.com/repos/matrix-org/matrix-spec/issues/591
590	open	2020-02-13T17:29:27Z	2022-03-01T22:37:52Z	Automatically update the [rendered] link in an MSC when merged.	https://api.github.com/repos/matrix-org/matrix-spec/issues/590
589	open	2020-02-09T16:37:48Z	2023-11-09T11:41:39Z	Clarify w.r.t presence updates of user in sync API	https://api.github.com/repos/matrix-org/matrix-spec/issues/589
588	closed	2020-02-03T14:31:46Z	2025-08-18T17:57:53Z	Spec should recommend events to include in the default power levels	https://api.github.com/repos/matrix-org/matrix-spec/issues/588
587	open	2020-01-28T14:48:50Z	2026-02-04T12:54:11Z	Change history_visibility for new private rooms to invite	https://api.github.com/repos/matrix-org/matrix-spec/issues/587
586	closed	2020-01-24T18:07:00Z	2025-11-05T12:24:27Z	Possible inconsistency in definition of "User identifier"	https://api.github.com/repos/matrix-org/matrix-spec/issues/586
585	open	2020-01-24T15:57:53Z	2022-03-01T22:36:50Z	clarify about curve25519 vs x25519 in spec and impl guide	https://api.github.com/repos/matrix-org/matrix-spec/issues/585
584	open	2020-01-23T20:14:04Z	2025-09-22T13:24:03Z	Rate limiting spec ambiguous	https://api.github.com/repos/matrix-org/matrix-spec/issues/584
583	open	2020-01-21T09:06:19Z	2026-01-14T23:25:15Z	Build Dash docset version of the spec	https://api.github.com/repos/matrix-org/matrix-spec/issues/583
582	open	2020-01-20T18:41:06Z	2022-03-01T22:36:15Z	allow encrypted inline images in messages	https://api.github.com/repos/matrix-org/matrix-spec/issues/582
581	open	2020-01-19T23:02:43Z	2022-03-01T22:36:03Z	the SSO section of CS API could really do with some sequence diagrams	https://api.github.com/repos/matrix-org/matrix-spec/issues/581
580	closed	2020-01-14T15:59:16Z	2025-11-05T12:39:00Z	UIA improvement ideas	https://api.github.com/repos/matrix-org/matrix-spec/issues/580
579	closed	2020-01-14T02:11:30Z	2024-03-17T09:42:08Z	 client direct chat directly without room	https://api.github.com/repos/matrix-org/matrix-spec/issues/579
578	closed	2020-01-13T09:26:26Z	2022-10-05T09:54:59Z	Typing CS documentation contains mistake about the room_id	https://api.github.com/repos/matrix-org/matrix-spec/issues/578
577	open	2020-01-10T15:51:50Z	2022-03-01T22:35:17Z	clarify what format e2e keys are sent in for all message types	https://api.github.com/repos/matrix-org/matrix-spec/issues/577
576	closed	2020-01-09T19:28:24Z	2022-05-31T21:35:06Z	Actually document the vX versioning scheme	https://api.github.com/repos/matrix-org/matrix-spec/issues/576
575	open	2020-01-09T11:44:46Z	2022-03-01T22:34:51Z	explicitly discourage people from using `matrix` as a subdomain for their server somewhere in the spec	https://api.github.com/repos/matrix-org/matrix-spec/issues/575
574	open	2020-01-07T05:57:30Z	2022-03-01T22:34:37Z	Return roomID when "M_ROOM_IN_USE" error	https://api.github.com/repos/matrix-org/matrix-spec/issues/574
573	open	2020-01-04T00:49:18Z	2022-03-01T22:34:23Z	Clients should specify a join candidate when a room is upgraded	https://api.github.com/repos/matrix-org/matrix-spec/issues/573
572	open	2019-12-31T21:17:51Z	2022-03-01T22:34:11Z	Spec is inconsistent with usage of PDU versus event	https://api.github.com/repos/matrix-org/matrix-spec/issues/572
571	closed	2019-12-03T19:33:03Z	2026-03-27T22:02:59Z	Financial situation of The Matrix.org Foundation	https://api.github.com/repos/matrix-org/matrix-spec/issues/571
570	open	2019-12-03T17:28:07Z	2022-03-01T22:33:47Z	Consider a PR template for opening MSCs	https://api.github.com/repos/matrix-org/matrix-spec/issues/570
569	closed	2019-12-02T16:07:54Z	2025-12-31T13:57:27Z	EncryptedFile examples containing mimetype	https://api.github.com/repos/matrix-org/matrix-spec/issues/569
568	open	2019-12-02T15:20:35Z	2022-03-01T22:33:21Z	Express a set of string patterns which could be resolved into URLs	https://api.github.com/repos/matrix-org/matrix-spec/issues/568
567	open	2019-11-26T21:10:12Z	2022-03-01T22:33:08Z	Ability to recommend a timelimit on edits	https://api.github.com/repos/matrix-org/matrix-spec/issues/567
566	open	2019-11-25T12:58:22Z	2022-03-01T22:32:57Z	are * to_device messages sent to all devices, or all /other/ devices?	https://api.github.com/repos/matrix-org/matrix-spec/issues/566
565	open	2019-11-22T07:10:05Z	2022-03-01T22:32:47Z	Allow different types of messages to require different permissions	https://api.github.com/repos/matrix-org/matrix-spec/issues/565
564	open	2019-11-22T07:04:09Z	2022-03-01T22:32:46Z	Expose “account age” and allow its use for moderation decisions.	https://api.github.com/repos/matrix-org/matrix-spec/issues/564
563	closed	2019-11-16T11:36:32Z	2025-04-15T13:47:23Z	/sync example shows alice joining in both state & timeline	https://api.github.com/repos/matrix-org/matrix-spec/issues/563
562	closed	2019-11-16T04:24:09Z	2024-06-25T14:40:22Z	Spec claims that the room avatar can be encrypted	https://api.github.com/repos/matrix-org/matrix-spec/issues/562
561	open	2019-11-15T10:57:54Z	2022-03-01T22:31:57Z	Federation request signing is easily broken by proxies	https://api.github.com/repos/matrix-org/matrix-spec/issues/561
560	closed	2019-11-12T12:04:19Z	2024-11-12T22:31:36Z	Clarify what query parameters mean in thirdparty endpoints	https://api.github.com/repos/matrix-org/matrix-spec/issues/560
559	open	2019-11-06T09:16:21Z	2022-03-01T22:31:29Z	Federation device list update schema is conflicting	https://api.github.com/repos/matrix-org/matrix-spec/issues/559
558	open	2019-11-01T05:40:18Z	2024-04-10T10:42:31Z	Extra space in room invite path breaks codegenned clients	https://api.github.com/repos/matrix-org/matrix-spec/issues/558
557	open	2019-10-31T17:56:36Z	2023-04-27T08:30:31Z	Identity server discovery pokes v1 API, which is planned for removal	https://api.github.com/repos/matrix-org/matrix-spec/issues/557
556	open	2019-10-28T18:02:27Z	2022-03-01T22:30:57Z	Clarify that invalid identity server in account data means you don't have one	https://api.github.com/repos/matrix-org/matrix-spec/issues/556
555	open	2019-10-25T13:08:41Z	2022-03-01T22:30:47Z	Remove spurious event_id from federation APIs, and convert to POST?	https://api.github.com/repos/matrix-org/matrix-spec/issues/555
554	open	2019-10-21T16:31:10Z	2022-03-01T22:30:29Z	Server access control lists can "ban" users with higher power levels	https://api.github.com/repos/matrix-org/matrix-spec/issues/554
553	open	2019-10-16T11:52:34Z	2024-11-07T08:34:05Z	Kahn's algorithm variation in v2 state resolution not specified	https://api.github.com/repos/matrix-org/matrix-spec/issues/553
552	open	2019-10-15T19:37:44Z	2024-11-06T01:04:17Z	Sorting rules not specified for v2 state resolution algorithm	https://api.github.com/repos/matrix-org/matrix-spec/issues/552
551	closed	2019-10-15T19:34:16Z	2025-12-29T18:39:41Z	Event ID format not specified for room v1/v2	https://api.github.com/repos/matrix-org/matrix-spec/issues/551
550	closed	2019-10-12T23:59:49Z	2023-04-27T15:00:17Z	Notifications: do not look for keywords in MXIDs	https://api.github.com/repos/matrix-org/matrix-spec/issues/550
549	open	2019-10-12T01:12:22Z	2022-03-15T13:11:11Z	Leverage "sealed sender" to encrypt message sender	https://api.github.com/repos/matrix-org/matrix-spec/issues/549
548	open	2019-10-02T20:27:52Z	2022-03-01T22:29:31Z	We need a way to discover custom permalink prefixes.	https://api.github.com/repos/matrix-org/matrix-spec/issues/548
547	open	2019-10-01T17:37:34Z	2022-03-01T22:29:07Z	redaction algorithm doesn't distinguish between state/non-state events	https://api.github.com/repos/matrix-org/matrix-spec/issues/547
546	open	2019-09-24T14:58:47Z	2025-07-21T11:14:33Z	`/account/password/<3pid>/requestToken` endpoints should be merged	https://api.github.com/repos/matrix-org/matrix-spec/issues/546
545	open	2019-09-23T16:45:13Z	2022-03-01T22:28:38Z	Identity Service API: No way to tell whether to prompt the user for an authentication token	https://api.github.com/repos/matrix-org/matrix-spec/issues/545
544	open	2019-09-20T16:46:44Z	2022-09-16T12:21:08Z	POST account/3pid example suggests it could return submit_url	https://api.github.com/repos/matrix-org/matrix-spec/issues/544
543	open	2019-09-17T11:22:46Z	2022-03-01T22:28:16Z	Add 3PID API flow diagrams	https://api.github.com/repos/matrix-org/matrix-spec/issues/543
542	open	2019-09-16T18:46:51Z	2022-03-01T22:28:05Z	Consider a flag on events to make them non-searchable	https://api.github.com/repos/matrix-org/matrix-spec/issues/542
541	open	2019-09-11T08:08:23Z	2026-08-19T11:06:37Z	Message attachments (multiple photos, files, other messages for forwarding, etc)	https://api.github.com/repos/matrix-org/matrix-spec/issues/541
540	open	2019-09-10T18:44:13Z	2023-07-31T12:27:41Z	Make e2ee less reliant on the server	https://api.github.com/repos/matrix-org/matrix-spec/issues/540
539	closed	2019-09-02T16:08:20Z	2025-06-03T18:14:39Z	m.room.aliases may contain aliases from other homeservers	https://api.github.com/repos/matrix-org/matrix-spec/issues/539
538	open	2019-09-01T20:29:12Z	2022-03-01T22:27:19Z	/joined_members makes implementation specific claims about speed and use cases	https://api.github.com/repos/matrix-org/matrix-spec/issues/538
537	open	2019-08-31T18:49:56Z	2022-03-01T22:27:07Z	Inconsistent references to EventContent in /sync spec	https://api.github.com/repos/matrix-org/matrix-spec/issues/537
536	open	2019-08-31T18:42:54Z	2022-03-01T22:26:54Z	Link more often to what events are	https://api.github.com/repos/matrix-org/matrix-spec/issues/536
535	open	2019-08-31T17:25:54Z	2024-03-02T14:22:36Z	spec should be clearer about how to handle m.room.encryption events	https://api.github.com/repos/matrix-org/matrix-spec/issues/535
534	open	2019-08-30T19:13:39Z	2022-03-01T22:26:32Z	Autodiscovery process is underspecified, does not mention direct hostname connections	https://api.github.com/repos/matrix-org/matrix-spec/issues/534
533	closed	2019-08-29T14:55:14Z	2025-06-03T18:14:51Z	`m.room.aliases` events do not necessarily correspond to room directory entries 	https://api.github.com/repos/matrix-org/matrix-spec/issues/533
532	closed	2019-08-29T13:17:11Z	2024-01-02T15:29:20Z	Consider replacing `m.room.aliases` with an `m.room.alias` event listing a single alias	https://api.github.com/repos/matrix-org/matrix-spec/issues/532
531	open	2019-08-28T22:28:37Z	2022-03-01T22:25:54Z	Add filter for hiding redacted messages	https://api.github.com/repos/matrix-org/matrix-spec/issues/531
530	closed	2019-08-28T21:51:45Z	2024-06-05T15:05:59Z	POST /keys/upload schema and example don't match.	https://api.github.com/repos/matrix-org/matrix-spec/issues/530
529	open	2019-08-27T12:36:09Z	2022-05-28T02:19:33Z	/report is not rate limited	https://api.github.com/repos/matrix-org/matrix-spec/issues/529
528	open	2019-08-23T14:45:43Z	2025-01-14T11:34:24Z	GET /directory/room/:alias should say words about resident servers, not knowledgeable ones	https://api.github.com/repos/matrix-org/matrix-spec/issues/528
527	open	2019-08-21T16:30:08Z	2022-03-01T22:25:05Z	Consider a bind status API for identity servers	https://api.github.com/repos/matrix-org/matrix-spec/issues/527
526	closed	2019-08-13T17:50:17Z	2022-05-28T03:05:52Z	Add server_acl to checks on PDU arrival	https://api.github.com/repos/matrix-org/matrix-spec/issues/526
525	open	2019-08-10T02:02:02Z	2022-03-01T22:24:43Z	/reportEvent should require you to be in the room?	https://api.github.com/repos/matrix-org/matrix-spec/issues/525
524	open	2019-08-09T15:33:03Z	2022-03-01T22:24:31Z	3PID onbind callback is POST not PUT	https://api.github.com/repos/matrix-org/matrix-spec/issues/524
523	open	2019-08-09T15:20:09Z	2022-03-01T22:24:20Z	We could visually describe the MSC process better	https://api.github.com/repos/matrix-org/matrix-spec/issues/523
522	open	2019-08-08T16:09:20Z	2022-03-01T22:24:14Z	Remove score from /reportEvent	https://api.github.com/repos/matrix-org/matrix-spec/issues/522
521	open	2019-08-06T18:47:23Z	2022-03-01T22:23:57Z	It's hard to see how the different 3pid management APIs interact with each other at a glance	https://api.github.com/repos/matrix-org/matrix-spec/issues/521
520	open	2019-08-06T18:47:17Z	2022-03-01T22:23:46Z	All of the 3pid management docs in the client-server API are sub-par	https://api.github.com/repos/matrix-org/matrix-spec/issues/520
519	open	2019-08-06T18:35:02Z	2022-03-01T22:23:34Z	We don't define the params for a given UIA type	https://api.github.com/repos/matrix-org/matrix-spec/issues/519
518	open	2019-08-03T21:02:04Z	2022-03-01T22:23:24Z	it's a bit confusing that https://matrix.org/docs/spec/rooms/v4 duplicates all the baggage from v3, rather than just being a short description of the change	https://api.github.com/repos/matrix-org/matrix-spec/issues/518
517	open	2019-08-03T20:55:56Z	2022-03-01T22:23:11Z	https://matrix.org/docs/spec/rooms/v2 should link back to the v2 rooms MSC or something for people wanting more detail and context	https://api.github.com/repos/matrix-org/matrix-spec/issues/517
516	open	2019-08-01T14:20:33Z	2022-03-01T22:23:01Z	Many unnecessary userId parameters for endpoints	https://api.github.com/repos/matrix-org/matrix-spec/issues/516
515	open	2019-07-31T17:11:54Z	2022-03-01T22:22:46Z	GET /event should reference the event definitions	https://api.github.com/repos/matrix-org/matrix-spec/issues/515
514	open	2019-07-31T14:54:15Z	2022-03-01T22:22:46Z	Recommend that servers don't allow clients to send tombstones for the same room	https://api.github.com/repos/matrix-org/matrix-spec/issues/514
513	closed	2019-07-31T14:16:19Z	2022-03-09T10:19:09Z	Add CI check for changelog entries	https://api.github.com/repos/matrix-org/matrix-spec/issues/513
512	open	2019-07-29T02:50:37Z	2024-05-01T22:26:13Z	X-Matrix auth doesn't mention how query params are ordered, if at all	https://api.github.com/repos/matrix-org/matrix-spec/issues/512
511	open	2019-07-29T02:44:46Z	2022-03-01T22:22:04Z	IS spec doesn't mention that X-Matrix auth is different	https://api.github.com/repos/matrix-org/matrix-spec/issues/511
510	open	2019-07-29T01:04:46Z	2025-03-13T22:17:12Z	Spec is unclear about how much of the key response needs to be signed	https://api.github.com/repos/matrix-org/matrix-spec/issues/510
509	closed	2019-07-18T13:24:05Z	2025-11-05T06:56:22Z	/login doesn't support user-interactive auth	https://api.github.com/repos/matrix-org/matrix-spec/issues/509
508	open	2019-07-17T14:12:29Z	2022-03-01T22:21:25Z	Missing pushrules endpoints	https://api.github.com/repos/matrix-org/matrix-spec/issues/508
507	open	2019-07-17T05:27:45Z	2022-03-02T17:09:55Z	We don't actually say how /upgrade creates a room	https://api.github.com/repos/matrix-org/matrix-spec/issues/507
506	closed	2019-07-15T18:44:52Z	2023-05-02T11:16:57Z	Consider fast-track MSCs for smaller changes which require less sign-off?	https://api.github.com/repos/matrix-org/matrix-spec/issues/506
505	open	2019-07-15T17:11:05Z	2022-03-01T22:20:48Z	Account data PUT requests/module could be clearer about the JSON body	https://api.github.com/repos/matrix-org/matrix-spec/issues/505
504	open	2019-07-15T11:15:45Z	2023-05-16T14:25:23Z	spec does not say that invalid `m.relates_to` properties are rejected	https://api.github.com/repos/matrix-org/matrix-spec/issues/504
503	open	2019-07-14T22:00:05Z	2024-08-27T11:49:33Z	Acceptable characters for MXC opaque identifiers should be more clearly described	https://api.github.com/repos/matrix-org/matrix-spec/issues/503
502	open	2019-07-11T18:30:36Z	2022-03-01T22:20:08Z	Clarify that /sign-ed25519's returned key ID doesn't matter	https://api.github.com/repos/matrix-org/matrix-spec/issues/502
501	open	2019-07-11T18:12:42Z	2022-03-01T22:19:58Z	Non-binding 3PID invite sequence needs speccing	https://api.github.com/repos/matrix-org/matrix-spec/issues/501
500	open	2019-07-11T17:47:22Z	2022-03-01T22:19:47Z	Clarify that the private key for /sign-ed25519 is shared oob	https://api.github.com/repos/matrix-org/matrix-spec/issues/500
499	closed	2019-07-11T17:24:27Z	2024-04-03T10:12:39Z	Weird spaces after dashes in inline code blocks is still present	https://api.github.com/repos/matrix-org/matrix-spec/issues/499
498	open	2019-07-09T20:14:17Z	2024-04-09T18:06:12Z	We should do a better job of explaining homeservers signing requests	https://api.github.com/repos/matrix-org/matrix-spec/issues/498
497	closed	2019-07-08T18:18:48Z	2022-12-12T10:50:49Z	room_id and servers are required on the response of GET /directory/:alias	https://api.github.com/repos/matrix-org/matrix-spec/issues/497
496	open	2019-07-08T00:14:53Z	2022-03-01T22:18:56Z	/context API is missing the filter param	https://api.github.com/repos/matrix-org/matrix-spec/issues/496
495	closed	2019-07-06T09:50:58Z	2023-05-03T09:43:12Z	Outdated "public_keys" section in response for /store-invite in the IS spec	https://api.github.com/repos/matrix-org/matrix-spec/issues/495
1328	open	2019-07-02T15:44:57Z	2022-11-08T15:16:05Z	Aggregations: redacting an event should also redact all of its edits.	https://api.github.com/repos/matrix-org/matrix-spec/issues/1328
494	closed	2019-07-01T14:09:46Z	2023-03-31T15:19:37Z	Auth rules spec conflicts with C-S API spec about what happens before the first power-levels event	https://api.github.com/repos/matrix-org/matrix-spec/issues/494
493	open	2019-06-24T02:46:48Z	2024-04-09T18:27:42Z	Proposals document should link directly to the spec core team section of the Foundation page	https://api.github.com/repos/matrix-org/matrix-spec/issues/493
492	open	2019-06-23T19:14:33Z	2023-08-23T21:34:19Z	Unclear override semantics for `power_level_content_override`	https://api.github.com/repos/matrix-org/matrix-spec/issues/492
491	open	2019-06-23T15:28:28Z	2026-04-07T15:38:22Z	Clarify what state keys are actually *for*	https://api.github.com/repos/matrix-org/matrix-spec/issues/491
490	open	2019-06-22T22:12:09Z	2022-03-01T20:53:07Z	governance docs should spell out that contributors should be competent	https://api.github.com/repos/matrix-org/matrix-spec/issues/490
489	open	2019-06-22T22:10:44Z	2022-03-01T20:52:48Z	governance docs should spell out that building a project on matrix doesn't automatically mean you get to define the protocol	https://api.github.com/repos/matrix-org/matrix-spec/issues/489
488	open	2019-06-21T20:01:52Z	2022-03-01T20:52:36Z	"Secure"/protected account data API	https://api.github.com/repos/matrix-org/matrix-spec/issues/488
487	closed	2019-06-19T23:00:31Z	2022-04-29T14:53:37Z	The spec has no TOC.	https://api.github.com/repos/matrix-org/matrix-spec/issues/487
486	open	2019-06-15T12:58:18Z	2022-03-01T20:52:11Z	Transfer room alias from one room to another	https://api.github.com/repos/matrix-org/matrix-spec/issues/486
485	closed	2019-06-12T16:50:05Z	2022-05-10T22:28:38Z	Room version specs should link to recent releases, not unstable	https://api.github.com/repos/matrix-org/matrix-spec/issues/485
484	open	2019-06-10T19:43:59Z	2022-03-01T20:51:49Z	We need to decide if trailing slashes are optional on requests	https://api.github.com/repos/matrix-org/matrix-spec/issues/484
483	open	2019-06-10T09:39:49Z	2022-05-31T21:35:28Z	Recommendations on rate limiting / backoff for federation	https://api.github.com/repos/matrix-org/matrix-spec/issues/483
482	open	2019-06-06T15:08:03Z	2022-03-01T20:51:22Z	API to report ability to deliver messages to a given user.	https://api.github.com/repos/matrix-org/matrix-spec/issues/482
481	closed	2019-06-06T15:08:03Z	2022-03-01T20:53:05Z	API to report ability to deliver messages to a given user.	https://api.github.com/repos/matrix-org/matrix-spec/issues/481
480	closed	2019-06-06T04:15:26Z	2023-10-04T10:34:08Z	We should be validating swagger schemas for all APIs in CI, not just CS API	https://api.github.com/repos/matrix-org/matrix-spec/issues/480
479	open	2019-06-04T20:54:49Z	2022-03-01T20:49:47Z	'Request authentication' section needs clarification	https://api.github.com/repos/matrix-org/matrix-spec/issues/479
478	open	2019-05-30T20:59:34Z	2022-03-01T20:49:35Z	Bring Olm-related specs into the repo	https://api.github.com/repos/matrix-org/matrix-spec/issues/478
477	open	2019-05-28T21:01:35Z	2022-03-01T20:49:20Z	spec build watcher doesn't detect changes to some changelog entries	https://api.github.com/repos/matrix-org/matrix-spec/issues/477
476	open	2019-05-28T01:42:52Z	2022-03-01T20:49:08Z	Consider moving unread_notifications into summary in /sync	https://api.github.com/repos/matrix-org/matrix-spec/issues/476
475	open	2019-05-25T05:56:36Z	2026-02-20T03:10:10Z	Replace long polling to receive events with Server Sent Events (SSE)	https://api.github.com/repos/matrix-org/matrix-spec/issues/475
474	open	2019-05-24T21:42:07Z	2022-03-01T20:48:45Z	We should use real world examples instead of descriptions in field properties	https://api.github.com/repos/matrix-org/matrix-spec/issues/474
473	open	2019-05-23T17:32:17Z	2022-03-01T20:48:34Z	Review swagger for /sync	https://api.github.com/repos/matrix-org/matrix-spec/issues/473
472	open	2019-05-23T13:54:46Z	2022-03-01T20:48:28Z	Clarify that null is not allowed for most properties	https://api.github.com/repos/matrix-org/matrix-spec/issues/472
471	closed	2019-05-21T23:40:22Z	2022-03-22T13:33:12Z	Need to clarify what empty / unset state events look like	https://api.github.com/repos/matrix-org/matrix-spec/issues/471
470	closed	2019-05-21T06:38:06Z	2023-04-18T12:15:59Z	Improve sync filters	https://api.github.com/repos/matrix-org/matrix-spec/issues/470
469	open	2019-05-21T03:45:04Z	2022-03-01T20:47:48Z	Ability to set a NSFW level in a room	https://api.github.com/repos/matrix-org/matrix-spec/issues/469
468	open	2019-05-17T14:06:20Z	2022-03-01T20:47:35Z	Issues with documentation for search API	https://api.github.com/repos/matrix-org/matrix-spec/issues/468
467	open	2019-05-09T10:25:13Z	2022-03-01T20:47:20Z	Make 'since=<empty>' mean the same as the absence of since	https://api.github.com/repos/matrix-org/matrix-spec/issues/467
466	open	2019-05-01T20:59:48Z	2022-03-01T20:47:09Z	Abstract suggestion: Overall data model documentation	https://api.github.com/repos/matrix-org/matrix-spec/issues/466
465	open	2019-04-28T23:22:40Z	2022-03-01T20:46:55Z	Confusing username availability API	https://api.github.com/repos/matrix-org/matrix-spec/issues/465
464	open	2019-04-28T21:39:09Z	2022-03-01T20:46:40Z	Wrong status code for 'invalid request payload' errors?	https://api.github.com/repos/matrix-org/matrix-spec/issues/464
463	open	2019-04-22T22:56:46Z	2022-03-01T20:46:29Z	Contradictory documentation of keys in /search API	https://api.github.com/repos/matrix-org/matrix-spec/issues/463
462	open	2019-04-14T10:56:06Z	2022-03-01T20:46:15Z	If an inviter leaves a 1:1 before the invitee joins, we should cancel the invite	https://api.github.com/repos/matrix-org/matrix-spec/issues/462
461	open	2019-04-13T17:54:22Z	2022-03-01T20:46:06Z	e2e key export uses strange AES-CTR construction	https://api.github.com/repos/matrix-org/matrix-spec/issues/461
460	open	2019-04-12T12:07:18Z	2022-05-09T20:29:50Z	Spec AS registration format	https://api.github.com/repos/matrix-org/matrix-spec/issues/460
459	open	2019-04-02T14:51:38Z	2022-03-01T20:45:42Z	/sync could take a `to` as well as `since` param, to help with splicing together /sync streams.	https://api.github.com/repos/matrix-org/matrix-spec/issues/459
458	open	2019-04-02T09:22:02Z	2022-03-01T20:45:32Z	Time limits on who can send to a room	https://api.github.com/repos/matrix-org/matrix-spec/issues/458
457	open	2019-03-27T15:47:14Z	2022-06-08T12:28:41Z	GET /pushrules/ should not require a trailing slash	https://api.github.com/repos/matrix-org/matrix-spec/issues/457
456	open	2019-03-27T13:10:30Z	2022-08-19T09:56:38Z	Meta bug for edge cases that should be considered to make room upgrades transparent	https://api.github.com/repos/matrix-org/matrix-spec/issues/456
455	open	2019-03-27T01:40:49Z	2023-09-26T13:05:50Z	Membership should be transferred when upgrading a room	https://api.github.com/repos/matrix-org/matrix-spec/issues/455
454	open	2019-03-26T16:05:25Z	2022-11-04T15:12:44Z	Consider adding options to selectively transfer state on room version upgrade	https://api.github.com/repos/matrix-org/matrix-spec/issues/454
453	open	2019-03-25T12:32:33Z	2024-07-05T13:23:41Z	Need to explicitly spell out what media formats are supported	https://api.github.com/repos/matrix-org/matrix-spec/issues/453
452	open	2019-03-24T05:30:15Z	2022-11-04T13:46:03Z	Forbid repeated upgrade of the same room	https://api.github.com/repos/matrix-org/matrix-spec/issues/452
450	open	2019-03-14T18:15:27Z	2022-03-01T20:43:48Z	Consider supporting links to hand out to people to have them start a chat with you	https://api.github.com/repos/matrix-org/matrix-spec/issues/450
449	open	2019-03-14T17:22:10Z	2026-04-07T15:38:30Z	kicks can maliciously change display name and avatar	https://api.github.com/repos/matrix-org/matrix-spec/issues/449
448	open	2019-03-13T16:49:40Z	2024-04-09T18:30:00Z	Consider making the implementation proof step optional for simple proposals	https://api.github.com/repos/matrix-org/matrix-spec/issues/448
447	closed	2019-03-12T02:54:24Z	2026-01-19T16:24:19Z	Consider permitting homeservers to consider leave == forget	https://api.github.com/repos/matrix-org/matrix-spec/issues/447
446	open	2019-03-09T18:29:45Z	2022-03-01T20:43:01Z	Consider more transactional APIs for things like promoting/demoting members in a room	https://api.github.com/repos/matrix-org/matrix-spec/issues/446
445	closed	2019-03-07T20:11:50Z	2026-06-08T16:31:24Z	Client/server discovery should support following 3xx redirects	https://api.github.com/repos/matrix-org/matrix-spec/issues/445
444	closed	2019-03-07T13:46:12Z	2026-02-03T18:01:42Z	Explain what account data is	https://api.github.com/repos/matrix-org/matrix-spec/issues/444
443	open	2019-03-07T12:23:26Z	2022-03-01T20:42:28Z	Fix endpoints that only differ by a trailing variable	https://api.github.com/repos/matrix-org/matrix-spec/issues/443
442	open	2019-03-05T11:58:37Z	2022-03-01T20:42:11Z	A way to send branding information about a homeserver to a client.	https://api.github.com/repos/matrix-org/matrix-spec/issues/442
441	open	2019-03-01T02:51:20Z	2022-03-01T20:42:00Z	API for pusher health	https://api.github.com/repos/matrix-org/matrix-spec/issues/441
440	open	2019-02-24T16:41:27Z	2022-05-09T20:28:31Z	Serverless user identity based on IPFS	https://api.github.com/repos/matrix-org/matrix-spec/issues/440
439	open	2019-02-24T16:21:34Z	2022-03-01T20:41:36Z	Domain preparation (avoid "A-Label" in the domain names).	https://api.github.com/repos/matrix-org/matrix-spec/issues/439
438	open	2019-02-20T02:55:28Z	2022-03-01T20:41:22Z	Clients often can't detect a 404 on .well-known/matrix/client due to CORS	https://api.github.com/repos/matrix-org/matrix-spec/issues/438
437	open	2019-02-18T06:05:37Z	2022-09-14T20:52:47Z	Consider supporting html5's <ruby> tags	https://api.github.com/repos/matrix-org/matrix-spec/issues/437
436	open	2019-02-18T05:44:31Z	2022-03-01T20:41:08Z	Consider a 'render like emoji' flag on inline images	https://api.github.com/repos/matrix-org/matrix-spec/issues/436
435	open	2019-02-18T05:44:30Z	2022-03-01T20:40:48Z	Consider supporting vertical-align: middle on images	https://api.github.com/repos/matrix-org/matrix-spec/issues/435
434	open	2019-02-15T02:45:26Z	2022-03-01T20:40:36Z	Consider returning an event ID for /invite	https://api.github.com/repos/matrix-org/matrix-spec/issues/434
433	open	2019-02-15T02:22:04Z	2024-09-07T20:01:18Z	Support transitive trust for E2E verification between users (i.e. web-of-trust) in some situations	https://api.github.com/repos/matrix-org/matrix-spec/issues/433
432	open	2019-02-14T10:27:40Z	2024-01-04T12:00:10Z	Streaming file transfers	https://api.github.com/repos/matrix-org/matrix-spec/issues/432
431	open	2019-02-12T16:27:47Z	2024-10-08T10:27:11Z	Ability to delete rooms.	https://api.github.com/repos/matrix-org/matrix-spec/issues/431
430	closed	2019-02-12T16:16:30Z	2024-02-21T07:09:31Z	URL previews of the spec probably shouldn't result in warnings	https://api.github.com/repos/matrix-org/matrix-spec/issues/430
429	open	2019-02-12T03:36:46Z	2022-03-01T20:39:36Z	CI doesn't fail if examples don't match the schema sometimes	https://api.github.com/repos/matrix-org/matrix-spec/issues/429
428	open	2019-02-11T17:11:34Z	2026-08-13T04:00:03Z	Presence confidentiality	https://api.github.com/repos/matrix-org/matrix-spec/issues/428
427	open	2019-02-10T00:52:44Z	2022-03-01T20:39:19Z	Consider supporting arbitrary state changes when upgrading rooms	https://api.github.com/repos/matrix-org/matrix-spec/issues/427
426	open	2019-02-09T22:14:59Z	2022-03-01T20:39:00Z	consider a tunnelled dialect of olm or mls for bridge-safe e2e	https://api.github.com/repos/matrix-org/matrix-spec/issues/426
425	open	2019-02-07T17:29:08Z	2022-03-01T20:38:56Z	Current room upgrade behavior does not work nicely with invite-only rooms	https://api.github.com/repos/matrix-org/matrix-spec/issues/425
424	open	2019-02-06T12:52:29Z	2022-03-01T20:38:37Z	For User-Interactive Authentication, give the option for homeservers to supply an Android Recaptcha site key	https://api.github.com/repos/matrix-org/matrix-spec/issues/424
423	open	2019-02-04T23:12:46Z	2022-03-02T17:09:54Z	the various API changelogs should contain datestamps	https://api.github.com/repos/matrix-org/matrix-spec/issues/423
422	open	2019-01-31T17:20:14Z	2022-03-01T20:38:10Z	Avatar Url field in Push Gateway API	https://api.github.com/repos/matrix-org/matrix-spec/issues/422
421	open	2019-01-29T19:13:06Z	2023-07-06T08:54:43Z	Add private device display names & other information	https://api.github.com/repos/matrix-org/matrix-spec/issues/421
420	open	2019-01-29T17:27:32Z	2022-03-01T20:37:48Z	Consider relaxing auto-discovery restrictions even further	https://api.github.com/repos/matrix-org/matrix-spec/issues/420
419	open	2019-01-26T08:31:48Z	2022-03-01T20:37:31Z	Provide Protobuf event serialization protocol as alternative to JSON	https://api.github.com/repos/matrix-org/matrix-spec/issues/419
418	open	2019-01-24T18:59:31Z	2022-03-01T20:37:21Z	account activity log	https://api.github.com/repos/matrix-org/matrix-spec/issues/418
417	open	2019-01-20T05:06:17Z	2022-03-01T20:37:10Z	Apply compression to JSON data for decrease C2S and S2S traffic	https://api.github.com/repos/matrix-org/matrix-spec/issues/417
416	open	2019-01-19T22:05:31Z	2024-01-09T20:05:11Z	spell out that 'rooms' are not chatrooms	https://api.github.com/repos/matrix-org/matrix-spec/issues/416
415	open	2019-01-18T15:54:58Z	2022-03-01T20:36:45Z	Clarify that a ban/leave implicitly stops the user from typing	https://api.github.com/repos/matrix-org/matrix-spec/issues/415
414	open	2019-01-16T01:52:28Z	2022-06-28T20:20:04Z	Improve ignoring users	https://api.github.com/repos/matrix-org/matrix-spec/issues/414
413	open	2019-01-11T16:39:17Z	2024-06-14T06:50:53Z	Move each section of the Tables of Tracked Proposals closer together	https://api.github.com/repos/matrix-org/matrix-spec/issues/413
412	closed	2019-01-10T12:35:57Z	2023-03-14T19:53:40Z	The description of the sync queryparam 'since' is in need of improvement	https://api.github.com/repos/matrix-org/matrix-spec/issues/412
411	open	2019-01-10T10:56:15Z	2023-05-27T22:40:22Z	Improve typing notification alert	https://api.github.com/repos/matrix-org/matrix-spec/issues/411
410	closed	2019-01-08T16:01:26Z	2022-06-09T12:44:32Z	We need to reconsider whether to support refresh tokens.	https://api.github.com/repos/matrix-org/matrix-spec/issues/410
409	open	2019-01-07T15:57:11Z	2022-03-01T20:35:24Z	Consider supporting something like Discord's 'slow mode'	https://api.github.com/repos/matrix-org/matrix-spec/issues/409
408	open	2019-01-06T13:54:55Z	2022-03-01T20:35:10Z	Support for specifying custom files for small resolution images for avatars (and similar)	https://api.github.com/repos/matrix-org/matrix-spec/issues/408
407	open	2019-01-04T23:26:40Z	2022-03-01T20:35:01Z	m.room.tombstone should reference the new room's create event	https://api.github.com/repos/matrix-org/matrix-spec/issues/407
406	open	2019-01-03T13:30:55Z	2022-03-01T20:34:44Z	Support for center-aligning elements in HTML messages.	https://api.github.com/repos/matrix-org/matrix-spec/issues/406
405	open	2018-12-30T00:43:21Z	2022-03-01T20:34:32Z	Ability to trigger a full backpagination of a room	https://api.github.com/repos/matrix-org/matrix-spec/issues/405
404	open	2018-12-25T09:44:37Z	2022-03-01T20:34:24Z	Support transparent avatars better by allowing folks to upload different artwork for different bgs	https://api.github.com/repos/matrix-org/matrix-spec/issues/404
403	open	2018-12-14T14:00:43Z	2022-03-02T09:55:12Z	Unsubscribing from push email notifications is not specced nor mentioned	https://api.github.com/repos/matrix-org/matrix-spec/issues/403
402	open	2018-12-12T17:33:03Z	2022-05-23T13:06:01Z	Parental control	https://api.github.com/repos/matrix-org/matrix-spec/issues/402
401	open	2018-12-11T19:05:07Z	2022-03-01T20:33:48Z	Thoughts on profile rooms	https://api.github.com/repos/matrix-org/matrix-spec/issues/401
400	closed	2018-12-10T12:18:38Z	2023-08-22T15:50:56Z	s2s spec: matrix service name already reserved by other usage according to IANA registry	https://api.github.com/repos/matrix-org/matrix-spec/issues/400
399	closed	2018-12-06T00:07:38Z	2025-08-18T17:44:24Z	We need a formal Security Disclosure Policy	https://api.github.com/repos/matrix-org/matrix-spec/issues/399
398	open	2018-11-29T17:47:56Z	2022-03-01T20:33:09Z	Client-Server should use "Accept" header to allow clients to request other encoding types	https://api.github.com/repos/matrix-org/matrix-spec/issues/398
397	open	2018-11-28T19:35:40Z	2022-03-01T20:32:57Z	A server which is ACLed from a room cannot leave the room	https://api.github.com/repos/matrix-org/matrix-spec/issues/397
396	open	2018-11-25T19:51:41Z	2022-03-01T20:32:42Z	Add ability to crowdfunding donations for proposals authors	https://api.github.com/repos/matrix-org/matrix-spec/issues/396
395	closed	2018-11-24T23:56:33Z	2025-10-08T17:07:23Z	/keys/upload is ambiguous about what data should be signed	https://api.github.com/repos/matrix-org/matrix-spec/issues/395
394	open	2018-11-24T11:35:26Z	2022-03-01T20:32:20Z	`org.matrix.room.preview_urls` documentation missing.	https://api.github.com/repos/matrix-org/matrix-spec/issues/394
393	closed	2018-11-14T12:28:19Z	2022-03-08T02:40:50Z	Group admin promotion	https://api.github.com/repos/matrix-org/matrix-spec/issues/393
392	closed	2018-11-09T22:41:03Z	2023-10-04T10:33:50Z	Swagger spec has Schema Objects with "type" fields with lists of strings which some Swagger implementations choke on	https://api.github.com/repos/matrix-org/matrix-spec/issues/392
391	open	2018-11-07T07:44:28Z	2023-05-23T15:32:09Z	Server ACL events are hard to update safely, and subject to size limits	https://api.github.com/repos/matrix-org/matrix-spec/issues/391
390	open	2018-11-07T07:04:27Z	2022-03-01T20:31:27Z	Server ACL fail to consider the hierarchical nature of DNS.	https://api.github.com/repos/matrix-org/matrix-spec/issues/390
389	open	2018-11-05T16:17:29Z	2022-03-01T20:31:15Z	State event to describe bridge constraints for messages	https://api.github.com/repos/matrix-org/matrix-spec/issues/389
387	open	2018-10-15T22:22:50Z	2022-03-01T20:30:49Z	Consider having /sync report the directory visibility of a room	https://api.github.com/repos/matrix-org/matrix-spec/issues/387
386	open	2018-10-13T17:01:40Z	2023-11-09T18:11:50Z	We shouldn't allow IP addresses as Matrix "hostnames" on the open internet	https://api.github.com/repos/matrix-org/matrix-spec/issues/386
385	open	2018-10-02T16:15:52Z	2022-03-01T20:30:21Z	Query string params that can be defined multiple times should be represented differently	https://api.github.com/repos/matrix-org/matrix-spec/issues/385
384	open	2018-09-27T06:06:04Z	2022-04-14T11:23:15Z	Authentication for push gateway API	https://api.github.com/repos/matrix-org/matrix-spec/issues/384
383	open	2018-09-26T08:17:53Z	2022-03-01T20:30:19Z	The federation public key system is insecure	https://api.github.com/repos/matrix-org/matrix-spec/issues/383
382	open	2018-09-25T10:48:00Z	2022-03-01T20:29:46Z	Update recommended CSP for media resources	https://api.github.com/repos/matrix-org/matrix-spec/issues/382
381	open	2018-09-20T10:13:41Z	2022-03-01T20:29:35Z	Helper API for setting up canonical aliases	https://api.github.com/repos/matrix-org/matrix-spec/issues/381
380	closed	2018-09-18T13:30:19Z	2025-08-26T09:37:55Z	Invites need to convey a better summary of the room they describe.	https://api.github.com/repos/matrix-org/matrix-spec/issues/380
379	open	2018-09-17T16:03:59Z	2022-03-01T20:29:07Z	Extended protocol for content co-creation, beyond chat rooms	https://api.github.com/repos/matrix-org/matrix-spec/issues/379
378	open	2018-09-17T03:05:28Z	2023-03-05T18:31:31Z	There is no spec-compliant way to remove remove/clear a user avatar	https://api.github.com/repos/matrix-org/matrix-spec/issues/378
377	open	2018-09-12T09:11:11Z	2024-10-21T17:13:08Z	Finer granularity error codes in order to support i18nized errors from the server	https://api.github.com/repos/matrix-org/matrix-spec/issues/377
376	open	2018-09-11T22:26:06Z	2022-03-01T20:28:31Z	Appservices should optionally be able to say they want events in "federation format"	https://api.github.com/repos/matrix-org/matrix-spec/issues/376
375	open	2018-09-07T08:56:34Z	2022-03-01T20:28:20Z	Proper isalive check for client-server / identity / whatever future APIs	https://api.github.com/repos/matrix-org/matrix-spec/issues/375
374	open	2018-09-06T17:12:19Z	2026-07-11T21:53:14Z	Make `origin` field go away	https://api.github.com/repos/matrix-org/matrix-spec/issues/374
373	open	2018-09-06T13:44:39Z	2022-03-01T20:27:54Z	GET /_matrix/client/r0/voip/turnServer does not specify how to respond if no TURN server is configured	https://api.github.com/repos/matrix-org/matrix-spec/issues/373
372	closed	2018-09-05T15:39:47Z	2024-11-29T09:44:09Z	Spec how N+1 replies work in terms of fallback	https://api.github.com/repos/matrix-org/matrix-spec/issues/372
371	closed	2018-09-05T08:48:25Z	2023-03-14T22:03:37Z	'Third-party' or 'third party'	https://api.github.com/repos/matrix-org/matrix-spec/issues/371
370	closed	2018-09-05T02:22:29Z	2023-06-14T06:33:26Z	Specify JWT login flow	https://api.github.com/repos/matrix-org/matrix-spec/issues/370
369	open	2018-09-04T21:05:14Z	2022-03-01T20:27:06Z	Grammar for what is allowed in an event type	https://api.github.com/repos/matrix-org/matrix-spec/issues/369
368	closed	2018-09-04T15:25:25Z	2024-11-29T09:44:09Z	Reply fallbacks leak room history	https://api.github.com/repos/matrix-org/matrix-spec/issues/368
367	open	2018-09-03T22:33:42Z	2022-08-13T17:41:28Z	Ability to hide users below a given power level in the membership list	https://api.github.com/repos/matrix-org/matrix-spec/issues/367
366	open	2018-09-03T18:03:47Z	2022-03-01T20:26:30Z	Add forwarded message entity	https://api.github.com/repos/matrix-org/matrix-spec/issues/366
365	open	2018-08-31T22:41:22Z	2026-08-20T13:34:24Z	Better specify how to validate events	https://api.github.com/repos/matrix-org/matrix-spec/issues/365
364	open	2018-08-31T10:44:54Z	2022-03-01T20:26:08Z	we could do with a grammar for tags	https://api.github.com/repos/matrix-org/matrix-spec/issues/364
363	open	2018-08-31T05:13:23Z	2022-03-01T20:25:51Z	Consider making error codes spec-independent (put them in the appendix)	https://api.github.com/repos/matrix-org/matrix-spec/issues/363
362	open	2018-08-30T20:58:45Z	2022-03-01T20:25:39Z	Identity services should be able to revoke all their keys on a whim	https://api.github.com/repos/matrix-org/matrix-spec/issues/362
361	open	2018-08-30T12:52:41Z	2022-03-01T20:25:26Z	Include error codes in schema for errors	https://api.github.com/repos/matrix-org/matrix-spec/issues/361
360	closed	2018-08-30T12:38:15Z	2023-03-14T20:32:40Z	persistent data unit or persisted data unit?	https://api.github.com/repos/matrix-org/matrix-spec/issues/360
359	open	2018-08-30T02:47:22Z	2022-03-01T20:04:12Z	Identity service specification uses a wide range of casing for endpoints	https://api.github.com/repos/matrix-org/matrix-spec/issues/359
358	closed	2018-08-29T23:54:04Z	2024-04-03T11:15:21Z	3pid lookup types in the Identity Server spec are unclear	https://api.github.com/repos/matrix-org/matrix-spec/issues/358
357	open	2018-08-29T17:10:13Z	2022-03-01T20:03:55Z	Redactions should preserve the `notifications`/`invite` key on power levels	https://api.github.com/repos/matrix-org/matrix-spec/issues/357
356	open	2018-08-28T11:18:47Z	2022-03-01T20:03:35Z	Suggesting state for the room.	https://api.github.com/repos/matrix-org/matrix-spec/issues/356
355	open	2018-08-28T00:22:56Z	2024-07-23T19:24:28Z	Permalinks cannot be routed by room ID, and aliases are not permanent. 	https://api.github.com/repos/matrix-org/matrix-spec/issues/355
354	open	2018-08-27T02:38:45Z	2022-03-01T20:03:09Z	Deleting a 3pid is a POST request to a /delete route	https://api.github.com/repos/matrix-org/matrix-spec/issues/354
353	closed	2018-08-22T17:43:15Z	2023-04-27T13:25:04Z	Pinging people is too hard	https://api.github.com/repos/matrix-org/matrix-spec/issues/353
352	open	2018-08-22T15:21:02Z	2022-03-01T20:02:45Z	Should kicks contain a key for bridges to pass information to aware clients.	https://api.github.com/repos/matrix-org/matrix-spec/issues/352
351	open	2018-08-20T19:42:09Z	2022-03-01T20:02:37Z	Clarify how exclusive/inclusive appservice user namespaces work in terms of exposing details of a room	https://api.github.com/repos/matrix-org/matrix-spec/issues/351
350	closed	2018-08-20T16:02:50Z	2024-11-29T09:44:08Z	Replies: Have a key for the reply text itself	https://api.github.com/repos/matrix-org/matrix-spec/issues/350
349	closed	2018-08-18T08:41:54Z	2023-03-21T16:27:56Z	clarify namespace clashes over the term canonical json	https://api.github.com/repos/matrix-org/matrix-spec/issues/349
348	open	2018-08-17T15:17:38Z	2022-03-01T20:02:02Z	Make event schemas be shared across all APIs	https://api.github.com/repos/matrix-org/matrix-spec/issues/348
347	open	2018-08-17T14:43:39Z	2022-03-01T20:01:46Z	[CS] Validating homeservers	https://api.github.com/repos/matrix-org/matrix-spec/issues/347
346	open	2018-08-17T11:00:23Z	2022-03-01T20:01:34Z	Changing 1 room as Direct Chat, the API requires me to pass ALL the rooms which are Direct Chat	https://api.github.com/repos/matrix-org/matrix-spec/issues/346
345	open	2018-08-17T08:32:25Z	2022-03-01T20:01:34Z	Consider having API deprecation headers on requests	https://api.github.com/repos/matrix-org/matrix-spec/issues/345
344	open	2018-08-16T14:36:36Z	2022-03-01T20:01:10Z	Improve API for room tagging	https://api.github.com/repos/matrix-org/matrix-spec/issues/344
343	open	2018-08-14T22:38:34Z	2026-04-16T22:08:30Z	Grammar	https://api.github.com/repos/matrix-org/matrix-spec/issues/343
342	open	2018-08-14T21:41:05Z	2023-06-10T13:21:14Z	GDPR	https://api.github.com/repos/matrix-org/matrix-spec/issues/342
341	closed	2018-08-14T21:40:55Z	2025-10-14T19:05:44Z	Lazy loading	https://api.github.com/repos/matrix-org/matrix-spec/issues/341
340	open	2018-08-14T21:26:50Z	2022-03-01T20:00:19Z	It's completely unclear how a Filter's limit param should be applied to presence data or account_data	https://api.github.com/repos/matrix-org/matrix-spec/issues/340
339	closed	2018-08-07T15:25:39Z	2023-11-25T03:11:07Z	Consider requiring servers to respond to unknown APIs with a 400/404	https://api.github.com/repos/matrix-org/matrix-spec/issues/339
338	open	2018-08-05T21:16:14Z	2022-03-01T19:59:56Z	API to allow access to account data for bridges	https://api.github.com/repos/matrix-org/matrix-spec/issues/338
336	closed	2018-08-03T03:23:21Z	2024-04-03T11:15:33Z	Sometimes the generator flips the order of parameters	https://api.github.com/repos/matrix-org/matrix-spec/issues/336
334	open	2018-07-21T02:04:08Z	2022-03-01T19:59:08Z	Consider options for discovering homeservers on a local network	https://api.github.com/repos/matrix-org/matrix-spec/issues/334
333	open	2018-07-19T21:07:22Z	2022-03-01T19:58:56Z	Clarify the responses that should be given when a request is missing arguments	https://api.github.com/repos/matrix-org/matrix-spec/issues/333
332	open	2018-07-19T20:54:42Z	2022-03-01T19:58:43Z	Inconsistency in which profile fields are returned and what values they get	https://api.github.com/repos/matrix-org/matrix-spec/issues/332
331	closed	2018-07-19T01:17:54Z	2023-06-07T12:16:31Z	Upgrade OpenAPI	https://api.github.com/repos/matrix-org/matrix-spec/issues/331
330	open	2018-07-13T19:29:41Z	2022-07-12T16:56:12Z	check_examples.py doesn't run on windows	https://api.github.com/repos/matrix-org/matrix-spec/issues/330
329	open	2018-07-13T14:43:23Z	2022-03-01T19:58:02Z	Reconsider guest access on new room presets	https://api.github.com/repos/matrix-org/matrix-spec/issues/329
328	open	2018-07-12T14:54:36Z	2022-07-31T15:35:27Z	Spec appropriate admin APIs	https://api.github.com/repos/matrix-org/matrix-spec/issues/328
327	open	2018-07-12T10:40:16Z	2022-05-09T20:29:02Z	Spec m.room.bot.options	https://api.github.com/repos/matrix-org/matrix-spec/issues/327
326	closed	2018-07-10T20:35:14Z	2025-02-21T08:50:44Z	Proposals script considers "others" to be the user "thers"	https://api.github.com/repos/matrix-org/matrix-spec/issues/326
325	closed	2018-07-09T20:23:52Z	2022-11-22T19:44:22Z	The spec requires 3 languages to build	https://api.github.com/repos/matrix-org/matrix-spec/issues/325
324	open	2018-07-06T14:56:02Z	2022-03-01T19:57:04Z	Spec ip_range_whitelist on appservice registration	https://api.github.com/repos/matrix-org/matrix-spec/issues/324
323	open	2018-07-04T21:21:48Z	2022-03-02T17:09:53Z	Should the homeserver overwrite m.room.member (per-room) profiles when a user changes their 'global' profile?	https://api.github.com/repos/matrix-org/matrix-spec/issues/323
322	open	2018-07-04T21:19:39Z	2022-03-02T17:09:52Z	When "updating" an m.room.member event, do we keep other fields?	https://api.github.com/repos/matrix-org/matrix-spec/issues/322
321	open	2018-07-04T19:38:21Z	2022-03-01T19:56:27Z	/directory/room/{alias} should return a descriptive error code when there's a conflict	https://api.github.com/repos/matrix-org/matrix-spec/issues/321
320	open	2018-07-04T18:57:17Z	2022-03-01T19:56:16Z	Rate limiting is sparsely mentioned	https://api.github.com/repos/matrix-org/matrix-spec/issues/320
319	open	2018-07-03T21:51:49Z	2022-03-01T19:56:04Z	server_name param on /join/{roomIdOrAlias} should also be available on /{roomId}/join	https://api.github.com/repos/matrix-org/matrix-spec/issues/319
317	open	2018-07-02T15:13:08Z	2022-03-01T19:55:41Z	Ability to invite a user to a room without them receiving an explicit invite.	https://api.github.com/repos/matrix-org/matrix-spec/issues/317
316	open	2018-06-28T17:37:26Z	2022-03-01T19:55:33Z	Advanced administration features for rooms	https://api.github.com/repos/matrix-org/matrix-spec/issues/316
315	open	2018-06-27T17:19:02Z	2022-03-01T19:55:19Z	Folder sharing and search over folder shares	https://api.github.com/repos/matrix-org/matrix-spec/issues/315
314	open	2018-06-27T17:02:57Z	2022-03-01T19:55:02Z	Extended information in rooms	https://api.github.com/repos/matrix-org/matrix-spec/issues/314
313	closed	2018-06-25T16:24:41Z	2024-06-13T18:08:28Z	Should media repo federation requests be signed?	https://api.github.com/repos/matrix-org/matrix-spec/issues/313
312	open	2018-06-23T22:50:11Z	2022-03-01T19:54:40Z	Consider having "no known servers" be a dedicated error code	https://api.github.com/repos/matrix-org/matrix-spec/issues/312
311	closed	2018-06-22T20:09:35Z	2025-06-03T18:15:39Z	Consider a room directory endpoint to get all the aliases mapped to a room	https://api.github.com/repos/matrix-org/matrix-spec/issues/311
310	open	2018-06-22T20:07:52Z	2022-03-01T19:54:14Z	Consider an endpoint to remove all local aliases in one request	https://api.github.com/repos/matrix-org/matrix-spec/issues/310
309	closed	2018-06-22T14:43:21Z	2023-03-23T10:01:02Z	/createRoom initial_state possibly incorrectly allows state_key to be omitted	https://api.github.com/repos/matrix-org/matrix-spec/issues/309
306	closed	2018-06-20T11:25:38Z	2026-06-29T22:04:28Z	Room List Summary API	https://api.github.com/repos/matrix-org/matrix-spec/issues/306
305	open	2018-06-20T11:18:34Z	2022-03-01T19:53:18Z	Lazy loading read receipts	https://api.github.com/repos/matrix-org/matrix-spec/issues/305
301	open	2018-06-13T15:46:38Z	2022-03-01T19:52:24Z	AppServices: Registration option for disallowing AS user events being sent back to the AS	https://api.github.com/repos/matrix-org/matrix-spec/issues/301
300	open	2018-06-13T15:32:20Z	2026-01-30T12:53:32Z	Suggestion to have appservices be able to add their own routes to the homeserver	https://api.github.com/repos/matrix-org/matrix-spec/issues/300
299	open	2018-06-13T15:29:23Z	2022-03-01T19:52:02Z	Suggestion for an avatar redirect route	https://api.github.com/repos/matrix-org/matrix-spec/issues/299
298	open	2018-06-12T15:45:03Z	2022-03-01T19:51:56Z	/register should default displayname=localpart	https://api.github.com/repos/matrix-org/matrix-spec/issues/298
297	closed	2018-06-10T21:51:17Z	2025-01-13T11:21:32Z	spec 'erase' param on /account/deactivate	https://api.github.com/repos/matrix-org/matrix-spec/issues/297
296	open	2018-06-08T22:46:30Z	2023-05-02T11:48:13Z	Formally spec an API for interacting with integration managers	https://api.github.com/repos/matrix-org/matrix-spec/issues/296
295	closed	2018-06-07T10:28:08Z	2025-07-08T09:56:07Z	Find a non-google alternative to reCAPTCHA	https://api.github.com/repos/matrix-org/matrix-spec/issues/295
293	open	2018-06-05T10:44:49Z	2025-02-25T12:33:12Z	E2E encrypted attachments hashes should cover IV & key data too	https://api.github.com/repos/matrix-org/matrix-spec/issues/293
292	open	2018-05-24T19:25:43Z	2022-03-01T19:50:33Z	special purpose "Official" room tag	https://api.github.com/repos/matrix-org/matrix-spec/issues/292
291	open	2018-05-24T16:25:26Z	2022-03-01T19:50:25Z	We probably shouldn't be sending App Services events from every room we know about	https://api.github.com/repos/matrix-org/matrix-spec/issues/291
290	open	2018-05-24T10:18:35Z	2022-03-01T19:50:15Z	Document grammar for device IDs	https://api.github.com/repos/matrix-org/matrix-spec/issues/290
289	open	2018-05-23T13:28:32Z	2022-03-01T19:50:12Z	Immutable DMs / private rooms / public rooms	https://api.github.com/repos/matrix-org/matrix-spec/issues/289
288	open	2018-05-22T16:25:50Z	2022-10-05T21:09:51Z	Specify how inclusive appservices interact	https://api.github.com/repos/matrix-org/matrix-spec/issues/288
287	open	2018-05-22T08:00:43Z	2022-03-01T19:49:43Z	spec M_CONSENT_NOT_GIVEN error	https://api.github.com/repos/matrix-org/matrix-spec/issues/287
286	open	2018-05-15T20:28:36Z	2022-03-01T19:49:20Z	Rooms need a way to indicate their spidering preferences	https://api.github.com/repos/matrix-org/matrix-spec/issues/286
284	closed	2018-05-13T20:36:06Z	2022-03-02T16:59:51Z	Proposal for Calendar Events	https://api.github.com/repos/matrix-org/matrix-spec/issues/284
1696	open	2018-05-03T21:36:25Z	2023-12-12T14:37:47Z	Initial room power-levels are overly special-cased	https://api.github.com/repos/matrix-org/matrix-spec/issues/1696
279	open	2018-05-03T18:59:22Z	2022-03-01T19:47:54Z	Need a way to start a conversation with a bot (or add them to a room) without inviting	https://api.github.com/repos/matrix-org/matrix-spec/issues/279
278	open	2018-05-03T16:47:17Z	2022-03-01T19:47:44Z	Spec that event/room IDs must not exceed 255 characters (including sigil and domain)	https://api.github.com/repos/matrix-org/matrix-spec/issues/278
277	closed	2018-05-02T22:55:07Z	2023-10-24T13:27:53Z	The 'redacts' PDU field is not signed.	https://api.github.com/repos/matrix-org/matrix-spec/issues/277
276	open	2018-04-13T21:32:52Z	2022-03-01T19:47:14Z	In the /sync response tree: invite_state should just be state.	https://api.github.com/repos/matrix-org/matrix-spec/issues/276
275	open	2018-04-09T15:41:26Z	2022-03-01T19:47:07Z	Cleaning up dead servers	https://api.github.com/repos/matrix-org/matrix-spec/issues/275
274	closed	2018-03-27T14:22:06Z	2026-04-21T20:53:31Z	Add `replaces_state` to state events in the /sync response	https://api.github.com/repos/matrix-org/matrix-spec/issues/274
273	closed	2018-03-18T03:08:57Z	2022-10-28T16:15:24Z	Per-device push rules	https://api.github.com/repos/matrix-org/matrix-spec/issues/273
272	closed	2018-03-09T12:07:37Z	2022-10-31T14:12:36Z	Allowing application services to deny a join	https://api.github.com/repos/matrix-org/matrix-spec/issues/272
270	closed	2018-03-05T16:35:27Z	2024-12-11T22:39:00Z	Appservices should be receiving EDUs (read receipts, typing notifications, etc)	https://api.github.com/repos/matrix-org/matrix-spec/issues/270
269	open	2018-03-03T09:29:26Z	2022-03-01T19:45:50Z	Non-empty responses upon successful PUT	https://api.github.com/repos/matrix-org/matrix-spec/issues/269
268	open	2018-02-25T21:42:22Z	2022-11-22T19:45:24Z	Make it more obvious that the spec is the primary resource, not the swagger viewer	https://api.github.com/repos/matrix-org/matrix-spec/issues/268
267	open	2018-02-20T18:02:23Z	2024-06-24T12:18:30Z	/federation/versions equivalent to /client/versions is missing.	https://api.github.com/repos/matrix-org/matrix-spec/issues/267
266	open	2018-02-20T08:53:31Z	2022-03-01T19:45:20Z	/_matrix/client/r0/rooms/{roomId}/joined_members shouldn't exist.	https://api.github.com/repos/matrix-org/matrix-spec/issues/266
265	open	2018-02-20T01:05:58Z	2022-03-01T19:45:00Z	client/user_directory/ should be client/directory/user/	https://api.github.com/repos/matrix-org/matrix-spec/issues/265
264	open	2018-02-06T15:39:28Z	2022-03-01T19:44:46Z	Update room name of 1:1 chats other person has left	https://api.github.com/repos/matrix-org/matrix-spec/issues/264
262	open	2017-12-13T14:05:18Z	2022-03-01T19:44:24Z	AS API gives no way to tell ASes about state resolution, so their view of room state can diverge over time.	https://api.github.com/repos/matrix-org/matrix-spec/issues/262
1209	closed	2017-12-13T13:15:33Z	2026-02-07T18:17:21Z	/sync API does not tell clients when the server's view of state changes outside the timeline	https://api.github.com/repos/matrix-org/matrix-spec/issues/1209
1258	open	2017-11-19T11:48:53Z	2022-09-27T14:23:35Z	Expose metadata about a homeserver, useful for server discovery and general experience	https://api.github.com/repos/matrix-org/matrix-spec/issues/1258
261	open	2017-11-14T08:02:18Z	2022-03-01T19:44:11Z	Specify which endpoints can be used for peeking	https://api.github.com/repos/matrix-org/matrix-spec/issues/261
260	open	2017-11-04T20:52:43Z	2022-03-01T19:44:04Z	Provide a way to make message order explicit when sending (rather than assuming that /send updates the DAG before returning)	https://api.github.com/repos/matrix-org/matrix-spec/issues/260
259	open	2017-10-26T17:37:36Z	2024-04-10T10:07:57Z	Use something more secure than bearer tokens for auth	https://api.github.com/repos/matrix-org/matrix-spec/issues/259
258	closed	2017-10-22T07:49:38Z	2025-01-14T19:52:32Z	Appservices should be able to optionally hook into core homeserver operation	https://api.github.com/repos/matrix-org/matrix-spec/issues/258
257	open	2017-10-15T22:39:57Z	2022-03-01T19:43:25Z	We should report user profile data (and updates to it) in /sync	https://api.github.com/repos/matrix-org/matrix-spec/issues/257
256	open	2017-10-15T16:57:08Z	2022-03-01T19:43:12Z	spec rules for selecting a room avatar if there is no explicit one	https://api.github.com/repos/matrix-org/matrix-spec/issues/256
255	open	2017-10-07T21:55:16Z	2025-09-12T08:25:45Z	PDUs should be sent on the wire in canonical JSON form	https://api.github.com/repos/matrix-org/matrix-spec/issues/255
1588	closed	2017-10-04T23:40:53Z	2023-06-28T22:28:40Z	Support request-side hint for disabling url preview for API's m.room.message	https://api.github.com/repos/matrix-org/matrix-spec/issues/1588
254	open	2017-09-29T18:24:29Z	2022-03-01T19:42:46Z	PL-based rate-limit on sending events to a room	https://api.github.com/repos/matrix-org/matrix-spec/issues/254
253	open	2017-09-02T11:09:02Z	2022-03-01T19:42:38Z	Specify a PostMessage/Plugin API for clients	https://api.github.com/repos/matrix-org/matrix-spec/issues/253
252	open	2017-08-13T10:07:30Z	2022-03-01T19:42:17Z	Ability to resync access to a room after losing your local replica	https://api.github.com/repos/matrix-org/matrix-spec/issues/252
251	open	2017-08-08T06:28:31Z	2023-10-01T14:45:46Z	Add ability to find or filter messages by date and author in /search API	https://api.github.com/repos/matrix-org/matrix-spec/issues/251
250	open	2017-08-03T05:26:52Z	2022-03-01T19:41:55Z	Add endpoint for getting current read receipt location	https://api.github.com/repos/matrix-org/matrix-spec/issues/250
451	open	2017-07-25T22:27:55Z	2022-03-01T20:44:00Z	Alternative/enhanced API for application services to do presence	https://api.github.com/repos/matrix-org/matrix-spec/issues/451
249	open	2017-07-14T17:39:07Z	2023-03-13T11:13:43Z	Generic pubsub over Matrix - room participant privacy?	https://api.github.com/repos/matrix-org/matrix-spec/issues/249
248	open	2017-07-05T12:59:59Z	2022-03-01T19:41:31Z	Add timestamp selection of events	https://api.github.com/repos/matrix-org/matrix-spec/issues/248
247	open	2017-06-23T10:26:59Z	2023-06-06T13:03:39Z	Moderators should be able to demote themselves	https://api.github.com/repos/matrix-org/matrix-spec/issues/247
246	open	2017-05-09T18:50:03Z	2026-08-05T09:11:17Z	Decentralised user accounts	https://api.github.com/repos/matrix-org/matrix-spec/issues/246
245	open	2017-05-09T17:44:33Z	2022-03-01T19:41:09Z	Peeking doesn't work over federation	https://api.github.com/repos/matrix-org/matrix-spec/issues/245
244	closed	2017-05-06T21:12:48Z	2022-11-22T19:48:03Z	Should we prepend anti-eval code to our json responses?	https://api.github.com/repos/matrix-org/matrix-spec/issues/244
243	open	2017-05-06T14:20:23Z	2022-03-01T19:40:32Z	Add specific errcodes for application service extension of CS api	https://api.github.com/repos/matrix-org/matrix-spec/issues/243
242	closed	2017-05-05T15:21:03Z	2024-11-21T09:07:15Z	Images with captions	https://api.github.com/repos/matrix-org/matrix-spec/issues/242
870	closed	2017-04-22T04:03:36Z	2024-06-14T17:29:27Z	Media in the content repo is not authed	https://api.github.com/repos/matrix-org/matrix-spec/issues/870
241	closed	2017-04-19T14:02:47Z	2026-04-24T13:09:49Z	'ciphertext' schema is inconsistent between m.olm and m.megolm encrypted messages	https://api.github.com/repos/matrix-org/matrix-spec/issues/241
240	open	2017-04-12T18:01:04Z	2022-03-01T19:39:59Z	Ability to disable federation by default for a HS	https://api.github.com/repos/matrix-org/matrix-spec/issues/240
239	open	2017-04-06T17:43:23Z	2022-03-01T19:39:51Z	Option to disallow unencrypted messages/events in a room	https://api.github.com/repos/matrix-org/matrix-spec/issues/239
238	open	2017-04-06T14:27:48Z	2022-03-01T19:39:46Z	Ability to transfer channel membership between homeservers	https://api.github.com/repos/matrix-org/matrix-spec/issues/238
237	open	2017-03-31T11:47:11Z	2022-03-01T19:39:17Z	Ability to merge or redirect rooms	https://api.github.com/repos/matrix-org/matrix-spec/issues/237
236	open	2017-03-25T02:51:51Z	2023-11-27T11:11:50Z	Flatbuffer binary encoding of existing json spec?	https://api.github.com/repos/matrix-org/matrix-spec/issues/236
235	open	2017-03-21T11:43:41Z	2022-03-01T19:38:53Z	We need a high level whitepaper explaining how matrix works	https://api.github.com/repos/matrix-org/matrix-spec/issues/235
234	open	2017-03-09T13:43:59Z	2022-03-01T19:38:50Z	A new owner of a domain can get access to an old owner's messages	https://api.github.com/repos/matrix-org/matrix-spec/issues/234
233	open	2017-03-05T11:20:34Z	2022-11-15T16:14:56Z	delete endpoint for pushers	https://api.github.com/repos/matrix-org/matrix-spec/issues/233
232	open	2017-03-03T23:43:15Z	2022-03-01T19:38:40Z	Selectable replies to messages sent by bots [canned responses]	https://api.github.com/repos/matrix-org/matrix-spec/issues/232
231	open	2017-03-01T00:34:09Z	2022-03-01T19:38:03Z	Negation in filters	https://api.github.com/repos/matrix-org/matrix-spec/issues/231
230	open	2017-02-14T16:09:18Z	2022-03-01T19:37:50Z	Separate filter IDs from filter structs in /sync	https://api.github.com/repos/matrix-org/matrix-spec/issues/230
229	open	2017-02-10T18:40:15Z	2022-03-01T19:37:37Z	Smarter rate control for IOT etc.	https://api.github.com/repos/matrix-org/matrix-spec/issues/229
228	open	2017-02-10T15:45:43Z	2024-09-20T15:38:33Z	Consider supporting SCIM for registration	https://api.github.com/repos/matrix-org/matrix-spec/issues/228
227	open	2017-01-28T08:24:21Z	2022-03-01T19:37:12Z	Even though we can't e2e encrypt state events, should we sign them?	https://api.github.com/repos/matrix-org/matrix-spec/issues/227
226	open	2017-01-18T01:09:50Z	2026-01-24T13:43:48Z	There is no way to delete content from the media repo	https://api.github.com/repos/matrix-org/matrix-spec/issues/226
225	open	2017-01-15T20:17:40Z	2022-03-01T19:36:43Z	spec how to make e2e compulsory for a user	https://api.github.com/repos/matrix-org/matrix-spec/issues/225
224	closed	2017-01-11T10:52:54Z	2022-07-26T16:29:59Z	Clicking doc headers does not actually go to the anchor	https://api.github.com/repos/matrix-org/matrix-spec/issues/224
223	open	2017-01-10T19:02:18Z	2022-03-01T19:36:20Z	Reducing the impact of preflight requests	https://api.github.com/repos/matrix-org/matrix-spec/issues/223
222	open	2017-01-06T22:52:36Z	2022-03-01T19:36:04Z	createRoom should be idempotent	https://api.github.com/repos/matrix-org/matrix-spec/issues/222
221	open	2017-01-04T10:20:47Z	2022-03-01T19:35:53Z	Ability to suggest whether inline previews (url or thumbnails?) are intended to be shown for a given event	https://api.github.com/repos/matrix-org/matrix-spec/issues/221
220	closed	2017-01-04T00:19:37Z	2022-05-09T20:26:22Z	Proposal: Make primary user identity a public/private keypair	https://api.github.com/repos/matrix-org/matrix-spec/issues/220
219	open	2016-12-29T22:10:07Z	2022-03-01T19:35:23Z	device key validation needed	https://api.github.com/repos/matrix-org/matrix-spec/issues/219
218	open	2016-12-23T23:11:48Z	2022-03-01T19:35:11Z	Prevent the last operator of a room from de-opping themselves	https://api.github.com/repos/matrix-org/matrix-spec/issues/218
1460	open	2016-12-14T10:57:45Z	2025-03-19T15:29:08Z	RFC: QUIC transport	https://api.github.com/repos/matrix-org/matrix-spec/issues/1460
217	closed	2016-12-12T17:41:59Z	2025-08-06T06:21:59Z	Decide whether we call it `displayname` or `display_name`	https://api.github.com/repos/matrix-org/matrix-spec/issues/217
216	open	2016-12-06T20:25:46Z	2022-08-04T19:57:49Z	Ability for server admins to write-to-all (aka WALL, broadcast) to users on their server	https://api.github.com/repos/matrix-org/matrix-spec/issues/216
215	open	2016-12-05T17:46:11Z	2022-03-01T21:33:59Z	Add API for getting the current notification counts.	https://api.github.com/repos/matrix-org/matrix-spec/issues/215
214	closed	2016-12-05T15:55:18Z	2025-03-17T11:22:10Z	Clarify that /initialSync is used for peeking	https://api.github.com/repos/matrix-org/matrix-spec/issues/214
213	open	2016-12-05T15:54:55Z	2022-03-01T19:34:16Z	Make peeking not use deprecated endpoints	https://api.github.com/repos/matrix-org/matrix-spec/issues/213
212	open	2016-11-29T02:54:15Z	2022-03-01T19:33:57Z	expose E2E signing somehow so we can use it for signing things like messages or attachments a la PGP	https://api.github.com/repos/matrix-org/matrix-spec/issues/212
211	open	2016-11-22T15:59:46Z	2022-03-01T19:33:50Z	Ban forward slashes from state keys.	https://api.github.com/repos/matrix-org/matrix-spec/issues/211
210	open	2016-11-19T15:38:18Z	2023-08-08T10:53:18Z	Metadata for rooms to flag as NSFW	https://api.github.com/repos/matrix-org/matrix-spec/issues/210
209	open	2016-11-10T14:43:10Z	2022-03-01T19:33:19Z	Some day might be interesting to track TSs for delivery to remote servers	https://api.github.com/repos/matrix-org/matrix-spec/issues/209
208	open	2016-11-03T20:48:16Z	2022-03-01T19:33:12Z	Controls to limit the amount of self-redacting a user can do	https://api.github.com/repos/matrix-org/matrix-spec/issues/208
207	open	2016-10-30T19:56:55Z	2022-03-01T19:32:56Z	Ability to disable sending implicit RR when sending a msg	https://api.github.com/repos/matrix-org/matrix-spec/issues/207
206	open	2016-10-10T09:52:03Z	2022-03-01T19:32:44Z	specify a max displayname size (SPEC-463)	https://api.github.com/repos/matrix-org/matrix-spec/issues/206
205	open	2016-10-09T17:43:21Z	2022-03-01T19:32:34Z	Case sensitive keyword support for notifs (SPEC-462)	https://api.github.com/repos/matrix-org/matrix-spec/issues/205
204	open	2016-10-06T00:32:53Z	2022-03-01T19:32:24Z	Stop people trying to send state events through the non state-event API (SPEC-459)	https://api.github.com/repos/matrix-org/matrix-spec/issues/204
203	open	2016-09-27T18:39:58Z	2024-09-15T17:26:09Z	Decentralised identity (SPEC-458)	https://api.github.com/repos/matrix-org/matrix-spec/issues/203
202	open	2016-09-18T14:52:56Z	2022-03-01T19:32:00Z	API to get directory information per-room (SPEC-457)	https://api.github.com/repos/matrix-org/matrix-spec/issues/202
201	open	2016-09-14T23:00:06Z	2022-03-01T19:31:47Z	Peer-to-peer Matrix (SPEC-455)	https://api.github.com/repos/matrix-org/matrix-spec/issues/201
200	closed	2016-09-11T00:32:35Z	2023-03-14T20:27:59Z	Spec the implicit limit on /syncs (SPEC-453)	https://api.github.com/repos/matrix-org/matrix-spec/issues/200
199	open	2016-09-07T20:36:21Z	2022-03-01T19:31:22Z	/messages filter param should reflect that it takes a filter component, not a filter collection (SPEC-451)	https://api.github.com/repos/matrix-org/matrix-spec/issues/199
198	open	2016-09-06T16:32:09Z	2022-03-01T19:31:08Z	Need a way to specify whether a given user is happy for guests to PM them (SPEC-450)	https://api.github.com/repos/matrix-org/matrix-spec/issues/198
197	open	2016-09-04T21:50:09Z	2022-03-01T19:30:57Z	API for deleting filters (SPEC-449)	https://api.github.com/repos/matrix-org/matrix-spec/issues/197
196	open	2016-09-03T00:47:21Z	2022-03-01T19:30:41Z	Content repository: No API for finding info on a document (SPEC-448)	https://api.github.com/repos/matrix-org/matrix-spec/issues/196
195	closed	2016-08-24T20:32:26Z	2022-10-12T17:28:56Z	Building Decentralized Moderate-able Applications with Matrix (SPEC-446)	https://api.github.com/repos/matrix-org/matrix-spec/issues/195
193	open	2016-07-28T14:59:54Z	2022-03-01T19:30:31Z	Backwardly-extensible history in bridged portal rooms (SPEC-440)	https://api.github.com/repos/matrix-org/matrix-spec/issues/193
192	open	2016-07-26T17:39:40Z	2022-03-01T19:29:50Z	AS API ping path (SPEC-437)	https://api.github.com/repos/matrix-org/matrix-spec/issues/192
191	open	2016-07-20T18:30:18Z	2022-03-01T19:29:40Z	Mechanism for grouping file attachments together into a folder or tag structure (SPEC-434)	https://api.github.com/repos/matrix-org/matrix-spec/issues/191
190	open	2016-07-17T20:33:17Z	2025-11-23T01:54:50Z	API for deleting user & room account_data (SPEC-431)	https://api.github.com/repos/matrix-org/matrix-spec/issues/190
189	open	2016-07-16T19:51:56Z	2024-03-13T13:28:47Z	Spec p2p file transfer via webrtc datachannel (SPEC-430)	https://api.github.com/repos/matrix-org/matrix-spec/issues/189
188	open	2016-07-14T17:43:39Z	2026-04-07T15:39:14Z	Ability to override the display name for users & rooms that get served to you (SPEC-427)	https://api.github.com/repos/matrix-org/matrix-spec/issues/188
187	open	2016-07-06T17:42:30Z	2022-03-02T16:50:38Z	surely /context should return state as of first event, for consistency with /sync (SPEC-424)	https://api.github.com/repos/matrix-org/matrix-spec/issues/187
186	open	2016-06-22T13:46:46Z	2022-03-01T19:28:36Z	A way for clients to know if their user is an HS admin (SPEC-417)	https://api.github.com/repos/matrix-org/matrix-spec/issues/186
185	open	2016-06-17T09:14:58Z	2022-03-01T19:28:25Z	Formalise rules for picking existing 1:1 conversations (SPEC-413)	https://api.github.com/repos/matrix-org/matrix-spec/issues/185
184	closed	2016-06-09T21:40:33Z	2022-11-14T10:11:22Z	Specify a means for clients to "edit" previous messages (SPEC-410)	https://api.github.com/repos/matrix-org/matrix-spec/issues/184
183	open	2016-05-21T16:49:48Z	2022-03-01T20:27:10Z	Document event size errors (SPEC-406)	https://api.github.com/repos/matrix-org/matrix-spec/issues/183
182	open	2016-05-20T09:19:53Z	2022-03-01T19:27:49Z	Validation errors in error responses (SPEC-405)	https://api.github.com/repos/matrix-org/matrix-spec/issues/182
181	open	2016-05-02T12:25:01Z	2022-03-01T19:27:27Z	Need a way to discover the bridges for a given room (SPEC-399)	https://api.github.com/repos/matrix-org/matrix-spec/issues/181
180	open	2016-04-29T11:38:51Z	2022-03-01T19:26:13Z	Need a way to get all online users presences (SPEC-397)	https://api.github.com/repos/matrix-org/matrix-spec/issues/180
179	open	2016-04-24T21:51:21Z	2023-03-14T14:33:35Z	Why is 'kind' a query param for '/register' ? (SPEC-396)	https://api.github.com/repos/matrix-org/matrix-spec/issues/179
178	open	2016-04-23T11:21:41Z	2022-03-01T19:25:46Z	Should users with sufficient to power to invite in a room be able to join without invite? (SPEC-395)	https://api.github.com/repos/matrix-org/matrix-spec/issues/178
177	open	2016-04-19T11:01:46Z	2022-03-01T19:25:50Z	Grammar and disambiguation of display names (SPEC-392)	https://api.github.com/repos/matrix-org/matrix-spec/issues/177
176	open	2016-04-19T10:36:13Z	2022-03-01T19:25:43Z	Grammar for room aliases (SPEC-391)	https://api.github.com/repos/matrix-org/matrix-spec/issues/176
175	open	2016-04-19T10:09:19Z	2025-07-04T07:41:59Z	Grammar for room IDs (SPEC-389)	https://api.github.com/repos/matrix-org/matrix-spec/issues/175
174	open	2016-04-19T09:37:08Z	2026-04-16T22:02:57Z	Grammar for completely opaque IDs (SPEC-388)	https://api.github.com/repos/matrix-org/matrix-spec/issues/174
173	open	2016-04-15T09:05:38Z	2022-03-01T19:24:44Z	Need proposal for link info bot response event format (SPEC-384)	https://api.github.com/repos/matrix-org/matrix-spec/issues/173
172	open	2016-04-12T23:42:32Z	2024-05-31T07:51:31Z	Users don't have permission to retract invites they sent themselves (SPEC-382)	https://api.github.com/repos/matrix-org/matrix-spec/issues/172
171	closed	2016-04-07T06:40:39Z	2023-01-24T17:16:21Z	Explain the bind_email parameter to the registration endpoint better (SPEC-380)	https://api.github.com/repos/matrix-org/matrix-spec/issues/171
170	open	2016-03-29T21:25:12Z	2022-03-01T19:24:06Z	Need to put notify metadata on events (SPEC-377)	https://api.github.com/repos/matrix-org/matrix-spec/issues/170
169	open	2016-03-28T23:19:45Z	2022-03-01T19:23:56Z	Support for custom ephemeral event types (SPEC-376)	https://api.github.com/repos/matrix-org/matrix-spec/issues/169
168	closed	2016-03-26T20:44:53Z	2024-08-19T15:45:43Z	any user can currently query any other user's displayname and avatar over federation if they know their userid. (SPEC-374)	https://api.github.com/repos/matrix-org/matrix-spec/issues/168
167	open	2016-03-25T15:03:00Z	2022-03-01T19:23:28Z	Need to spec email validation polling behaviour (SPEC-373)	https://api.github.com/repos/matrix-org/matrix-spec/issues/167
166	open	2016-03-22T15:47:02Z	2022-03-01T18:36:35Z	Invite cancellation is indistinct from kick/leave (SPEC-372)	https://api.github.com/repos/matrix-org/matrix-spec/issues/166
165	closed	2016-03-19T21:41:25Z	2025-08-14T17:32:31Z	Should room creators always be able to give themselves power? (SPEC-369)	https://api.github.com/repos/matrix-org/matrix-spec/issues/165
164	open	2016-03-17T18:55:55Z	2022-03-01T18:36:10Z	Ability to peek into invites (SPEC-368)	https://api.github.com/repos/matrix-org/matrix-spec/issues/164
163	open	2016-03-04T09:47:46Z	2022-03-01T18:35:57Z	Invite handling is broken when the inviter leaves the room (SPEC-364)	https://api.github.com/repos/matrix-org/matrix-spec/issues/163
162	open	2016-03-01T17:35:08Z	2022-03-01T18:35:43Z	Ability to reject 3PID invites (SPEC-362)	https://api.github.com/repos/matrix-org/matrix-spec/issues/162
161	open	2016-02-29T17:03:12Z	2022-03-01T18:35:37Z	A way to distinguish guest or AS-ghost room members (SPEC-361)	https://api.github.com/repos/matrix-org/matrix-spec/issues/161
160	open	2016-02-23T13:15:20Z	2022-03-01T18:35:20Z	Support arbitrary metadata on invites (SPEC-357)	https://api.github.com/repos/matrix-org/matrix-spec/issues/160
159	open	2016-02-19T16:48:39Z	2022-03-01T18:35:07Z	If a HS can't talk to another HS, perhaps we should show the remote users as explicitly unavailable by a custom presence state (SPEC-354)	https://api.github.com/repos/matrix-org/matrix-spec/issues/159
158	open	2016-02-19T16:01:32Z	2022-03-01T18:34:54Z	Consensus-based or moderated room state setting (SPEC-353)	https://api.github.com/repos/matrix-org/matrix-spec/issues/158
157	open	2016-02-18T23:17:41Z	2022-03-01T18:34:45Z	Ability to constrain 3PID invites (SPEC-351)	https://api.github.com/repos/matrix-org/matrix-spec/issues/157
156	open	2016-02-12T15:49:46Z	2022-03-01T18:34:35Z	Users can send 3pid invites to guests which don't get revoked if guest access is revoked from the room (SPEC-349)	https://api.github.com/repos/matrix-org/matrix-spec/issues/156
155	open	2016-02-11T16:31:01Z	2022-03-01T18:34:19Z	We should veto m.login.password flows on plain-text transports like plain HTTP (SPEC-346)	https://api.github.com/repos/matrix-org/matrix-spec/issues/155
154	open	2016-02-08T16:47:35Z	2022-03-01T18:34:12Z	We should probably find a way to support conjunctions in the filter API. (SPEC-342)	https://api.github.com/repos/matrix-org/matrix-spec/issues/154
153	open	2016-02-02T14:12:46Z	2022-03-01T18:33:56Z	Should we have a dedicated API for measuring lag? (SPEC-341)	https://api.github.com/repos/matrix-org/matrix-spec/issues/153
152	open	2016-01-25T17:48:11Z	2022-03-01T18:33:46Z	Why do we put event types in the URL when sending messages? (SPEC-339)	https://api.github.com/repos/matrix-org/matrix-spec/issues/152
151	open	2016-01-25T17:46:07Z	2022-03-01T18:33:35Z	Should we version per-event event schemas? (SPEC-338)	https://api.github.com/repos/matrix-org/matrix-spec/issues/151
150	open	2016-01-22T09:45:09Z	2022-03-01T18:33:25Z	Define semantics for state when filtered (SPEC-337)	https://api.github.com/repos/matrix-org/matrix-spec/issues/150
149	open	2016-01-21T22:14:16Z	2022-03-01T18:33:07Z	Should we consider seqnums rather than txnids for CS API to make it possible to spot missing msgs and make ordering easier? (SPEC-336)	https://api.github.com/repos/matrix-org/matrix-spec/issues/149
148	open	2016-01-19T18:12:48Z	2024-06-13T11:38:30Z	Add a signing-key pinning mechanism to the federation key APIs (SPEC-329)	https://api.github.com/repos/matrix-org/matrix-spec/issues/148
147	open	2016-01-17T16:51:26Z	2022-03-01T18:32:42Z	Support for encrypting data at rest (SPEC-327)	https://api.github.com/repos/matrix-org/matrix-spec/issues/147
146	open	2016-01-13T17:29:58Z	2023-04-11T15:04:59Z	Spec a mechanism for retracting 3PID invites (SPEC-322)	https://api.github.com/repos/matrix-org/matrix-spec/issues/146
145	open	2016-01-08T01:38:41Z	2022-03-01T18:32:34Z	We should mandate that /publicRooms requires an access_token (SPEC-321)	https://api.github.com/repos/matrix-org/matrix-spec/issues/145
144	open	2016-01-07T04:44:57Z	2022-03-01T18:32:12Z	Accessing published room directories on other servers (SPEC-320)	https://api.github.com/repos/matrix-org/matrix-spec/issues/144
143	open	2016-01-01T23:47:15Z	2022-03-01T18:32:02Z	API to send an image/file from a remote URL (SPEC-317)	https://api.github.com/repos/matrix-org/matrix-spec/issues/143
142	open	2015-12-26T20:25:29Z	2022-05-31T21:36:21Z	Given domain names can be up to 255 bytes, perhaps max alias length should be >255 bytes (SPEC-315)	https://api.github.com/repos/matrix-org/matrix-spec/issues/142
141	open	2015-12-21T12:56:10Z	2022-03-01T18:31:37Z	m.spoilers and m.punchline msg types (SPEC-311)	https://api.github.com/repos/matrix-org/matrix-spec/issues/141
140	open	2015-12-21T01:12:19Z	2022-03-01T18:31:15Z	Provide a full reference of all the different error codes (SPEC-309)	https://api.github.com/repos/matrix-org/matrix-spec/issues/140
139	open	2015-12-18T16:35:26Z	2022-03-01T18:31:04Z	Lazy-loading 'left' rooms is very heavy and painful (SPEC-307)	https://api.github.com/repos/matrix-org/matrix-spec/issues/139
138	open	2015-12-18T08:53:45Z	2022-03-01T18:30:52Z	Way to subscribe to public room directory changes (SPEC-306)	https://api.github.com/repos/matrix-org/matrix-spec/issues/138
137	open	2015-12-10T19:36:56Z	2022-03-01T18:30:46Z	Ability for servers (not users) to join rooms over federation (SPEC-300)	https://api.github.com/repos/matrix-org/matrix-spec/issues/137
136	open	2015-12-10T12:06:48Z	2022-03-01T18:30:30Z	Clarify which events come down on which keys in /sync (SPEC-297)	https://api.github.com/repos/matrix-org/matrix-spec/issues/136
135	open	2015-12-09T12:54:43Z	2022-03-01T18:30:19Z	Ability to filter in v2 sync based on the msgtype of m.room.message events (SPEC-296)	https://api.github.com/repos/matrix-org/matrix-spec/issues/135
134	closed	2015-12-08T14:23:18Z	2023-03-14T13:53:18Z	/sync docs should be clearer about the default message limit (SPEC-294)	https://api.github.com/repos/matrix-org/matrix-spec/issues/134
132	open	2015-12-01T20:43:32Z	2022-03-01T18:29:37Z	How do I filter out archived rooms in a v2 /sync? (SPEC-285)	https://api.github.com/repos/matrix-org/matrix-spec/issues/132
131	closed	2015-11-30T21:29:19Z	2022-10-04T17:48:33Z	Clients should generate a unique ID - is ambiguous when sending messages. unique wrt what? (SPEC-282)	https://api.github.com/repos/matrix-org/matrix-spec/issues/131
130	open	2015-11-28T18:22:46Z	2022-03-01T18:29:12Z	We need to define how search handles prefixes and booleans (SPEC-277)	https://api.github.com/repos/matrix-org/matrix-spec/issues/130
129	open	2015-11-28T11:33:23Z	2022-03-01T18:29:03Z	Provide clear, consistent, organized information about the structure of events (SPEC-276)	https://api.github.com/repos/matrix-org/matrix-spec/issues/129
128	open	2015-11-19T10:35:48Z	2022-03-01T18:28:54Z	Registration v2 improvements (SPEC-274)	https://api.github.com/repos/matrix-org/matrix-spec/issues/128
127	open	2015-11-07T16:21:41Z	2022-03-01T18:28:43Z	Invent a robots.txt for IRC and get freenode & co to use it, so we can manage public scrollback sensibly (SPEC-270)	https://api.github.com/repos/matrix-org/matrix-spec/issues/127
126	open	2015-11-06T16:44:54Z	2022-03-01T18:28:22Z	Think about how we join multiple AS bridges in one Matrix room (SPEC-269)	https://api.github.com/repos/matrix-org/matrix-spec/issues/126
125	open	2015-11-05T17:33:26Z	2022-03-01T18:28:36Z	Reduce confusion between topological and stream position tokens (SPEC-268)	https://api.github.com/repos/matrix-org/matrix-spec/issues/125
124	open	2015-11-05T10:23:03Z	2022-03-01T18:28:03Z	We need a better way of picking the user(s) to name an anonymous room for (SPEC-267)	https://api.github.com/repos/matrix-org/matrix-spec/issues/124
123	open	2015-11-05T00:28:04Z	2025-05-01T17:41:21Z	Invites to non-existent domains should be queued and retried rather than discarded (SPEC-266)	https://api.github.com/repos/matrix-org/matrix-spec/issues/123
122	open	2015-11-03T17:58:38Z	2023-04-04T03:46:45Z	Asymmetry of GET /rooms/:room_id/state vs. .../state/:type/:key (SPEC-264)	https://api.github.com/repos/matrix-org/matrix-spec/issues/122
121	open	2015-11-03T15:24:01Z	2022-03-01T18:27:26Z	Implicit read receipts (SPEC-263)	https://api.github.com/repos/matrix-org/matrix-spec/issues/121
120	closed	2015-11-03T15:20:27Z	2022-11-15T20:47:20Z	Add read receipts to the example /sync response (SPEC-262)	https://api.github.com/repos/matrix-org/matrix-spec/issues/120
119	open	2015-11-02T20:21:06Z	2026-04-20T16:43:15Z	Add Semi-Anonymous Rooms (SPEC-260)	https://api.github.com/repos/matrix-org/matrix-spec/issues/119
118	open	2015-11-02T17:03:22Z	2022-03-01T18:26:45Z	Need an m.room.* event for specifying accent colours (primary and secondary) for a room UI (SPEC-259)	https://api.github.com/repos/matrix-org/matrix-spec/issues/118
117	open	2015-11-01T22:15:19Z	2022-03-01T18:26:37Z	Persist/seed retry schedule to speed up initial servers (SPEC-258)	https://api.github.com/repos/matrix-org/matrix-spec/issues/117
116	closed	2015-11-01T22:00:08Z	2023-11-24T17:53:01Z	Support for client-side thumbnailing (SPEC-257)	https://api.github.com/repos/matrix-org/matrix-spec/issues/116
115	open	2015-11-01T21:53:30Z	2022-03-01T18:26:09Z	Auto-showing images/content is a security risk, especially over federation (SPEC-256)	https://api.github.com/repos/matrix-org/matrix-spec/issues/115
114	closed	2015-10-21T00:54:41Z	2024-03-19T19:00:03Z	Support for multi-stream WebRTC calls (SPEC-252)	https://api.github.com/repos/matrix-org/matrix-spec/issues/114
113	open	2015-10-11T16:04:54Z	2022-03-02T17:09:50Z	Protect privacy by providing way of stripping EXIF and other metadata on images (SPEC-249)	https://api.github.com/repos/matrix-org/matrix-spec/issues/113
112	open	2015-10-06T18:16:29Z	2025-02-10T10:54:20Z	Option to disable presence and/or typing notifs within a room, for those who want to avoid the noise (SPEC-248)	https://api.github.com/repos/matrix-org/matrix-spec/issues/112
111	open	2015-10-02T18:25:10Z	2022-03-01T18:25:38Z	More powerful contact roster / presence lists / addressbook (SPEC-247)	https://api.github.com/repos/matrix-org/matrix-spec/issues/111
110	open	2015-09-23T10:26:30Z	2022-03-01T18:25:09Z	AS API: Notify ASes when users login/register (SPEC-240)	https://api.github.com/repos/matrix-org/matrix-spec/issues/110
109	open	2015-09-22T21:56:20Z	2022-03-01T18:24:59Z	Privacy settings for sending delivery reports (SPEC-239)	https://api.github.com/repos/matrix-org/matrix-spec/issues/109
108	open	2015-09-22T21:55:06Z	2022-03-01T18:24:47Z	Buddy pounce features (SPEC-238)	https://api.github.com/repos/matrix-org/matrix-spec/issues/108
107	open	2015-09-22T21:00:01Z	2022-03-01T18:24:38Z	Specific powerlevel threshold for being able to send files in a room (SPEC-235)	https://api.github.com/repos/matrix-org/matrix-spec/issues/107
106	open	2015-09-22T20:59:20Z	2022-03-01T18:24:27Z	Define metadata for tagging images as NSFW, so clients can blur thumbnails etc (SPEC-234)	https://api.github.com/repos/matrix-org/matrix-spec/issues/106
105	open	2015-09-22T20:52:55Z	2022-03-01T18:24:12Z	Define how to request a client plays a video/audio immediately on receipt (for PTT uses) (SPEC-233)	https://api.github.com/repos/matrix-org/matrix-spec/issues/105
104	open	2015-09-22T20:50:38Z	2022-03-01T18:23:58Z	Clarify what an ID server actually is. Everyone thinks it's where your credentials live. (SPEC-232)	https://api.github.com/repos/matrix-org/matrix-spec/issues/104
103	open	2015-09-19T22:21:50Z	2026-04-07T15:38:41Z	API for changing display name in a specific room (SPEC-230)	https://api.github.com/repos/matrix-org/matrix-spec/issues/103
102	open	2015-09-19T21:31:44Z	2022-03-01T18:23:41Z	Can ASes participate in a room (e.g. setting power levels) without having explicitly joined? (SPEC-229)	https://api.github.com/repos/matrix-org/matrix-spec/issues/102
101	open	2015-09-19T21:00:24Z	2022-03-01T18:23:25Z	How can we enforce default permissions on a room (to prevent AS abuse) (SPEC-228)	https://api.github.com/repos/matrix-org/matrix-spec/issues/101
100	open	2015-09-19T20:48:34Z	2022-03-01T18:23:18Z	Ability to ACL based on event type (SPEC-227)	https://api.github.com/repos/matrix-org/matrix-spec/issues/100
99	open	2015-09-14T00:17:32Z	2022-03-01T17:33:33Z	Define an event format for email. (SPEC-226)	https://api.github.com/repos/matrix-org/matrix-spec/issues/99
98	open	2015-09-10T10:27:20Z	2026-04-01T14:02:58Z	Consider IPFS as an alternative to MXC for Matrix's file repository (SPEC-223)	https://api.github.com/repos/matrix-org/matrix-spec/issues/98
97	open	2015-09-07T16:52:13Z	2022-03-01T19:25:43Z	We need a better way of disambiguating users with the same display name than mxids. (SPEC-221)	https://api.github.com/repos/matrix-org/matrix-spec/issues/97
96	open	2015-08-24T12:02:08Z	2022-03-01T17:33:12Z	captchas to enter specific rooms? (SPEC-212)	https://api.github.com/repos/matrix-org/matrix-spec/issues/96
95	open	2015-08-20T16:30:21Z	2022-11-14T12:03:01Z	if all users leave a room, the room should not wink out of existence. (SPEC-211)	https://api.github.com/repos/matrix-org/matrix-spec/issues/95
94	open	2015-08-19T12:17:35Z	2023-11-29T12:44:28Z	Ability to change history visibility retrospectively. (SPEC-210)	https://api.github.com/repos/matrix-org/matrix-spec/issues/94
93	open	2015-08-18T09:23:40Z	2022-03-01T17:32:54Z	speccing a consistent baseline set of slash commands across clients (SPEC-209)	https://api.github.com/repos/matrix-org/matrix-spec/issues/93
92	open	2015-07-14T12:45:15Z	2022-05-09T20:28:31Z	It'd be lovely to give folks the option of advertising which clients they use as part of their profile metadata (SPEC-203)	https://api.github.com/repos/matrix-org/matrix-spec/issues/92
91	open	2015-07-09T22:14:32Z	2022-03-01T17:32:54Z	HS should be able to announce what URIs they can gateway (SPEC-201)	https://api.github.com/repos/matrix-org/matrix-spec/issues/91
90	open	2015-07-08T18:54:28Z	2022-03-01T17:32:43Z	We lack a way to publish public metadata about a room (SPEC-200)	https://api.github.com/repos/matrix-org/matrix-spec/issues/90
89	open	2015-07-07T13:05:12Z	2022-03-01T17:32:28Z	We need an m.call.ringing state to map SIP 180 to (SPEC-199)	https://api.github.com/repos/matrix-org/matrix-spec/issues/89
88	open	2015-06-29T22:00:49Z	2022-03-01T17:33:07Z	we should cache/track when users last spoke in a room for presence and idle-kicking etc (SPEC-197)	https://api.github.com/repos/matrix-org/matrix-spec/issues/88
87	open	2015-06-26T09:00:37Z	2022-03-01T17:31:13Z	Return number of requests left before you are rate-limited (SPEC-194)	https://api.github.com/repos/matrix-org/matrix-spec/issues/87
86	open	2015-06-25T11:01:20Z	2022-11-14T10:13:08Z	Retry and queueing UX (SPEC-192)	https://api.github.com/repos/matrix-org/matrix-spec/issues/86
85	open	2015-06-24T10:13:12Z	2022-03-01T17:31:01Z	AS API needs a way to let ASes deprovision users (SPEC-191)	https://api.github.com/repos/matrix-org/matrix-spec/issues/85
84	open	2015-06-20T21:23:07Z	2022-03-01T17:31:02Z	Should we support invitations to register with Matrix as first class citizens? (SPEC-190)	https://api.github.com/repos/matrix-org/matrix-spec/issues/84
83	open	2015-06-18T15:38:59Z	2022-03-03T11:29:26Z	What determines if a room is publicly listed? (SPEC-189)	https://api.github.com/repos/matrix-org/matrix-spec/issues/83
82	closed	2015-06-10T21:20:28Z	2022-11-22T18:34:19Z	AS API auth mechanism (SPEC-187)	https://api.github.com/repos/matrix-org/matrix-spec/issues/82
81	closed	2015-06-09T17:15:12Z	2025-01-14T11:33:39Z	Consider POST /directory/room to create room aliases without domain name (SPEC-184)	https://api.github.com/repos/matrix-org/matrix-spec/issues/81
80	open	2015-06-09T15:49:48Z	2022-03-01T17:28:33Z	Ability to see what rooms a user is in (SPEC-183)	https://api.github.com/repos/matrix-org/matrix-spec/issues/80
79	closed	2015-06-05T15:58:15Z	2024-02-12T13:39:41Z	Include target matrix user in push (SPEC-180)	https://api.github.com/repos/matrix-org/matrix-spec/issues/79
78	closed	2015-06-02T13:55:37Z	2025-05-27T15:57:31Z	API to redact or delete entire rooms, or all messages from a given user (SPEC-179)	https://api.github.com/repos/matrix-org/matrix-spec/issues/78
77	open	2015-06-02T00:13:40Z	2022-03-01T17:28:29Z	VoIP upgrade/downgrade to/from video (SPEC-176)	https://api.github.com/repos/matrix-org/matrix-spec/issues/77
76	open	2015-06-02T00:13:18Z	2022-03-01T17:28:26Z	VoIP handover between devices (SPEC-175)	https://api.github.com/repos/matrix-org/matrix-spec/issues/76
75	open	2015-06-02T00:12:28Z	2022-03-01T17:28:29Z	Multi-way VoIP (SPEC-174)	https://api.github.com/repos/matrix-org/matrix-spec/issues/75
74	open	2015-06-02T00:10:22Z	2022-03-01T17:28:19Z	We should define m.* events for setting up webrtc data channel (SPEC-173)	https://api.github.com/repos/matrix-org/matrix-spec/issues/74
73	open	2015-06-01T23:37:40Z	2022-03-01T17:28:18Z	Might be interesting to have a way to restrict a room to particular types of events (SPEC-171)	https://api.github.com/repos/matrix-org/matrix-spec/issues/73
72	open	2015-06-01T23:20:35Z	2022-03-01T17:28:18Z	Specify interoperability profiles for media msgtypes like m.audio, m.video and m.image (SPEC-169)	https://api.github.com/repos/matrix-org/matrix-spec/issues/72
71	open	2015-06-01T22:57:06Z	2022-03-01T17:28:13Z	m.call.* events need a way to handle call errors (SPEC-167)	https://api.github.com/repos/matrix-org/matrix-spec/issues/71
70	open	2015-06-01T09:58:08Z	2022-03-01T17:27:09Z	Video calling video orientation signalling (SPEC-166)	https://api.github.com/repos/matrix-org/matrix-spec/issues/70
69	closed	2015-05-21T10:48:13Z	2023-10-24T13:32:17Z	`m.room.redaction` has `redacts` at the event level (SPEC-164)	https://api.github.com/repos/matrix-org/matrix-spec/issues/69
68	open	2015-05-01T15:59:40Z	2022-03-01T17:27:24Z	A generic way for homeservers to send useful utility information to clients (SPEC-161)	https://api.github.com/repos/matrix-org/matrix-spec/issues/68
66	open	2015-04-23T14:54:01Z	2022-03-01T17:27:01Z	Auth stage types refer to protocols (SPEC-158)	https://api.github.com/repos/matrix-org/matrix-spec/issues/66
64	closed	2015-04-18T11:36:07Z	2022-03-01T18:18:19Z	Should we let users specify room-id when creating room, to make bridging easier? (SPEC-155)	https://api.github.com/repos/matrix-org/matrix-spec/issues/64
63	open	2015-04-14T17:59:57Z	2024-10-17T03:05:58Z	We need to re-consider splitting users into alias & underlying opaque ID (SPEC-152)	https://api.github.com/repos/matrix-org/matrix-spec/issues/63
62	open	2015-04-10T09:06:53Z	2022-03-01T17:25:59Z	Spec for transferring VoIP Calls (SPEC-150)	https://api.github.com/repos/matrix-org/matrix-spec/issues/62
41	open	2015-04-10T09:06:53Z	2022-03-01T16:48:32Z	Spec for transferring VoIP Calls	https://api.github.com/repos/matrix-org/matrix-spec/issues/41
38	closed	2015-04-08T14:20:19Z	2022-05-03T12:42:59Z	Can servers easily "rejoin" a room? (SPEC-148)	https://api.github.com/repos/matrix-org/matrix-spec/issues/38
37	open	2015-04-01T18:59:32Z	2022-03-01T16:48:28Z	Specify direct client-to-client file transfers (SPEC-146)	https://api.github.com/repos/matrix-org/matrix-spec/issues/37
36	open	2015-03-29T22:38:55Z	2022-03-01T16:48:16Z	AS rate limiting behaviour (SPEC-143)	https://api.github.com/repos/matrix-org/matrix-spec/issues/36
34	open	2015-03-29T22:11:12Z	2022-03-01T16:48:30Z	Index content repository content consistently by hash (SPEC-140)	https://api.github.com/repos/matrix-org/matrix-spec/issues/34
33	open	2015-03-29T21:34:45Z	2022-03-01T16:41:21Z	User queriable /version, /ping, /time etc (SPEC-136)	https://api.github.com/repos/matrix-org/matrix-spec/issues/33
31	open	2015-03-23T16:05:12Z	2022-03-01T16:41:21Z	Prevent AS routing loops (SPEC-131)	https://api.github.com/repos/matrix-org/matrix-spec/issues/31
30	open	2015-03-20T15:05:40Z	2022-03-01T16:41:22Z	Voice/Video Call Type Switching (SPEC-129)	https://api.github.com/repos/matrix-org/matrix-spec/issues/30
29	open	2015-03-15T00:36:49Z	2022-03-01T16:41:21Z	We should support revealing whether the user is currently typing on mobile/web/etc (SPEC-128)	https://api.github.com/repos/matrix-org/matrix-spec/issues/29
874	open	2015-03-12T11:02:21Z	2022-03-02T00:08:46Z	Push: Flag events from the events stream that must be notified to the end user (SYN-304)	https://api.github.com/repos/matrix-org/matrix-spec/issues/874
28	open	2015-03-08T18:55:23Z	2022-03-01T16:41:21Z	Support for running "ad-hoc" servers (SPEC-122)	https://api.github.com/repos/matrix-org/matrix-spec/issues/28
26	open	2015-02-26T17:51:01Z	2022-03-01T16:41:00Z	v2 login flow representation (SPEC-118)	https://api.github.com/repos/matrix-org/matrix-spec/issues/26
25	open	2015-02-25T14:37:51Z	2022-03-01T16:39:32Z	Specify sounds for notifications in a way that works between different apps (SPEC-117)	https://api.github.com/repos/matrix-org/matrix-spec/issues/25
35	open	2015-02-24T17:50:40Z	2023-03-23T17:58:55Z	We need a way to be able to expire data from a HS. (SPEC-141)	https://api.github.com/repos/matrix-org/matrix-spec/issues/35
24	open	2015-02-22T23:36:09Z	2022-03-01T16:39:24Z	Specify discovery semantics for AS bridges (SPEC-115)	https://api.github.com/repos/matrix-org/matrix-spec/issues/24
23	open	2015-02-22T23:28:26Z	2024-09-20T15:38:12Z	We need an admin interface & API for provisioning ASes (SPEC-114)	https://api.github.com/repos/matrix-org/matrix-spec/issues/23
22	open	2015-02-20T14:52:19Z	2022-03-01T16:39:22Z	Add more metadata to m.room.member events (for bots and ASes) (SPEC-113)	https://api.github.com/repos/matrix-org/matrix-spec/issues/22
21	open	2015-02-18T15:32:40Z	2022-03-01T16:39:41Z	A way to mark room as special custom-protocol rooms (SPEC-111)	https://api.github.com/repos/matrix-org/matrix-spec/issues/21
20	open	2015-02-16T01:43:46Z	2022-03-01T16:39:17Z	How do clients avoid downloading the whole memberlist when viewing a moderated room where most of the participants are viewers? (SPEC-109)	https://api.github.com/repos/matrix-org/matrix-spec/issues/20
19	open	2015-02-16T01:40:52Z	2022-11-14T10:09:35Z	Users should be able to hide messages from their own view (SPEC-108)	https://api.github.com/repos/matrix-org/matrix-spec/issues/19
60	open	2015-01-15T18:10:13Z	2022-03-01T17:26:05Z	Per-room Activity Times (SPEC-92)	https://api.github.com/repos/matrix-org/matrix-spec/issues/60
59	closed	2015-01-12T18:02:31Z	2025-08-18T17:58:03Z	Default power levels should let randoms rename the room & topic (SPEC-89)	https://api.github.com/repos/matrix-org/matrix-spec/issues/59
58	closed	2015-01-12T00:26:14Z	2024-03-19T21:32:18Z	We should mandate homeservers declare a postmaster@ equivalent so we can talk to their admins if needed (SPEC-87)	https://api.github.com/repos/matrix-org/matrix-spec/issues/58
57	open	2015-01-12T00:20:38Z	2022-07-21T17:37:13Z	Image orientation metadata (SPEC-85)	https://api.github.com/repos/matrix-org/matrix-spec/issues/57
56	open	2015-01-12T00:08:33Z	2022-03-01T17:26:04Z	We need a way to hide given messages from specific room members (SPEC-84)	https://api.github.com/repos/matrix-org/matrix-spec/issues/56
55	open	2014-12-24T23:18:10Z	2022-03-01T17:25:44Z	Concept of blocking IP users (ban by IP). (SPEC-82)	https://api.github.com/repos/matrix-org/matrix-spec/issues/55
1257	open	2014-12-24T19:45:40Z	2022-09-27T17:21:33Z	We should mandate a postmaster@ style admin account for HSes so admins are contactable when needed (SYN-224)	https://api.github.com/repos/matrix-org/matrix-spec/issues/1257
1086	closed	2014-12-15T19:10:25Z	2024-04-09T18:03:01Z	Should we trust remote thumbnails to avoid regenerating local ones? (SYN-201)	https://api.github.com/repos/matrix-org/matrix-spec/issues/1086
54	open	2014-12-09T18:42:38Z	2022-03-01T17:25:40Z	We need a way to restrict the permissions specific matrix apps have to utilise your account. (SPEC-79)	https://api.github.com/repos/matrix-org/matrix-spec/issues/54
53	closed	2014-11-27T16:22:54Z	2022-07-18T11:53:30Z	Finer granularity on M_FORBIDDEN responses (SPEC-73)	https://api.github.com/repos/matrix-org/matrix-spec/issues/53
67	open	2014-11-27T13:18:04Z	2022-03-01T17:27:07Z	Ability for server admins to acquire privileges in arbitrary rooms to resolve power struggles (SPEC-159)	https://api.github.com/repos/matrix-org/matrix-spec/issues/67
52	closed	2014-11-18T09:16:07Z	2025-08-18T17:49:26Z	Should we switch the namespace of msgtype? (SPEC-68)	https://api.github.com/repos/matrix-org/matrix-spec/issues/52
32	closed	2014-11-07T00:29:37Z	2026-01-13T22:42:05Z	We surely need a way to clear/ACL scrollback for a room with various different semantics (SPEC-134)	https://api.github.com/repos/matrix-org/matrix-spec/issues/32
51	open	2014-11-03T19:07:59Z	2022-09-07T12:14:09Z	Join passwords (SPEC-61)	https://api.github.com/repos/matrix-org/matrix-spec/issues/51
50	open	2014-10-21T16:19:26Z	2022-09-22T09:58:40Z	Create a mechanism to propagate profile changes over federation (SPEC-56)	https://api.github.com/repos/matrix-org/matrix-spec/issues/50
49	open	2014-10-02T16:41:23Z	2022-03-01T16:50:46Z	Alternative room transports to full mesh (SPEC-45)	https://api.github.com/repos/matrix-org/matrix-spec/issues/49
48	closed	2014-10-02T16:10:38Z	2025-08-18T17:48:30Z	Consider if more protocol strings should be "m." prefixed (SPEC-44)	https://api.github.com/repos/matrix-org/matrix-spec/issues/48
47	open	2014-10-01T09:42:32Z	2022-03-01T16:49:49Z	How to deal with large rooms. (SPEC-36)	https://api.github.com/repos/matrix-org/matrix-spec/issues/47
46	closed	2014-09-26T21:51:51Z	2023-04-27T08:28:36Z	Alternative identity server models (SPEC-23)	https://api.github.com/repos/matrix-org/matrix-spec/issues/46
45	closed	2014-09-26T21:47:58Z	2023-04-27T08:28:05Z	How do you choose what Identity Server to use as a client? (SPEC-22)	https://api.github.com/repos/matrix-org/matrix-spec/issues/45
44	closed	2014-09-22T19:43:02Z	2022-11-22T18:30:22Z	Surely we should recommend an algorithm to use for ratelimiting? (SPEC-19)	https://api.github.com/repos/matrix-org/matrix-spec/issues/44
27	open	2014-09-18T00:08:53Z	2024-03-22T14:24:10Z	We need to specify a way to flag whether a user is a bot or not (to allow bots to ignore each other when mirroring) (SPEC-12)	https://api.github.com/repos/matrix-org/matrix-spec/issues/27
43	open	2014-09-16T11:40:20Z	2022-03-01T16:49:49Z	How to delete "state". (SPEC-8)	https://api.github.com/repos/matrix-org/matrix-spec/issues/43
39	open	2014-09-16T00:41:45Z	2022-03-01T16:48:28Z	Supporting arbitrary small-scale 3rd party ID systems. (SPEC-149)	https://api.github.com/repos/matrix-org/matrix-spec/issues/39
40	open	2014-09-16T00:12:15Z	2022-03-01T16:48:39Z	The "unavailable" presence state should surely actually be "away" (SPEC-15)	https://api.github.com/repos/matrix-org/matrix-spec/issues/40
65	open	2014-09-15T23:45:20Z	2022-03-01T17:27:15Z	Implement ID forwarding (like email .forward files) (SPEC-156)	https://api.github.com/repos/matrix-org/matrix-spec/issues/65
42	closed	2014-09-15T22:44:00Z	2025-08-18T17:45:21Z	Decide how to handle HSes which break the power level rules (SPEC-2)	https://api.github.com/repos/matrix-org/matrix-spec/issues/42
